{
	"emitterDataVersion":6,
	"emitter":{
		"maxParticleCount":20,
		"lifetime":[0.33333334,0.33333334,0.6666667,0.6666667,0.4,0.4],
		"lifetimeJitter":[0.33333334,0.33333334,0.6666667,0.6666667,0,0],
		"mass":1,
		"spawnPointOffset":{},
		"gravity":[0.33333334,0.33333334,0.6666667,0.6666667,[0,0,-3.3333335],[0,0,-3.3333335]],
		"components":[
			{
				"__class":"SpawnRate",
				"duration":0.4,
				"spawnRate":[0.33333334,0.33333334,0.6666667,0.6666667,50,50],
				"spawnRateJitter":[0.33333334,0.33333334,0.6666667,0.6666667,0,0]
			},
			{"__class":"SpawnLocation","spawnMinSize":[0.33333334,0.33333334,0.6666667,0.6666667,0,0],"spawnMaxSize":[0.33333334,0.33333334,0.6666667,0.6666667,0,0]},
			{
				"__class":"SpawnCone",
				"direction":[0.33333334,0.33333334,0.6666667,0.6666667,[0,10,20],[0,10,20]],
				"directionJitterAngle":[0.33333334,0.33333334,0.6666667,0.6666667,45,45],
				"velocity":[0.33333334,0.33333334,0.6666667,0.6666667,1.6666667,1.6666667],
				"velocityJitter":[0.33333334,0.33333334,0.6666667,0.6666667,0,0]
			}
		]
	},
	"render":{
		"globalScale":0.008333334,
		"scale":[0.16927084,0.5364584,0.5260417,0.9713542,0,0.2],
		"scaleJitter":[0.33333334,0.33333334,0.6666667,0.6666667,0.1,0.1],
		"color":[0.33333334,0.33333334,0.6666667,0.6666667,[1,1,1],[1,1,1]],
		"alpha":[0.6458334,-0.018229157,1,0.2760417,1,0],
		"angle":[0.33333334,0.33333334,0.6666667,0.6666667,0,0],
		"angleJitter":[0.33333334,0.33333334,0.6666667,0.6666667,0,0],
		"rotationSpeed":[0.33333334,0.33333334,0.6666667,0.6666667,0,0],
		"rotationSpeedJitter":[0.33333334,0.33333334,0.6666667,0.6666667,0,0],
		"tailLength":[0.33333334,0.33333334,0.6666667,0.6666667,0,0],
		"tailLengthJitter":[0.33333334,0.33333334,0.6666667,0.6666667,0,0],
		"loopMovieClip":true,
		"trailEnabled":true,
		"trailWidth":[0.33333334,0.33333334,0.6666667,0.6666667,0.5,0.5]
	},
	"movieclip":["sc/effects/bubble | 49e9c85e-cab1-4dff-ae71-ebd5e2fa7779"]
}