{
	"emitterDataVersion":6,
	"emitter":{
		"maxParticleCount":100,
		"lifetime":[0.33333334,0.33333334,0.6666667,0.6666667,0.5,0.5],
		"lifetimeJitter":[0.33333334,0.33333334,0.6666667,0.6666667,0.2,0.2],
		"mass":1,
		"spawnPointOffset":{},
		"gravity":[0.33333334,0.33333334,0.6666667,0.6666667,[0,0,-30],[0,0,-30]],
		"components":[
			{
				"__class":"SpawnRate",
				"infinite":true,
				"spawnRate":[0.33333334,0.33333334,0.6666667,0.6666667,20,20],
				"spawnRateJitter":[0.33333334,0.33333334,0.6666667,0.6666667,0,0]
			},
			{"__class":"SpawnLocation","spawnMinSize":[0.33333334,0.33333334,0.6666667,0.6666667,0,0],"spawnMaxSize":[0.33333334,0.33333334,0.6666667,0.6666667,0,0]},
			{
				"__class":"SpawnCone",
				"direction":[0.33333334,0.33333334,0.6666667,0.6666667,[0,0,10],[0,0,10]],
				"directionJitterAngle":[0.33333334,0.33333334,0.6666667,0.6666667,30,30],
				"velocity":[0.33333334,0.33333334,0.6666667,0.6666667,8.333334,8.333334],
				"velocityJitter":[0.33333334,0.33333334,0.6666667,0.6666667,1.6666667,1.6666667]
			},
			{"__class":"Ground","bounciness":[0.33333334,0.33333334,0.6666667,0.6666667,0.5,0.5],"friction":[0.33333334,0.33333334,0.6666667,0.6666667,1,1]}
		]
	},
	"render":{
		"globalScale":0.008333334,
		"scale":[0.33333334,0.33333334,0.6666667,0.6666667,2,2],
		"scaleJitter":[0.33333334,0.33333334,0.6666667,0.6666667,0.5,0.5],
		"color":[0.33333334,0.33333334,0.6666667,0.6666667,[1,1,1],[0,0,0]],
		"alpha":[0.33333334,0.33333334,0.6666667,0.6666667,1,1],
		"angle":[0.33333334,0.33333334,0.6666667,0.6666667,0,0],
		"angleJitter":[0.33333334,0.33333334,0.6666667,0.6666667,0,0],
		"rotationSpeed":[0.059895843,0.47395834,0.3385417,0.91666675,1000,0],
		"rotationSpeedJitter":[0.33333334,0.33333334,0.6666667,0.6666667,10,10],
		"tailLength":[0.33333334,0.33333334,0.6666667,0.6666667,0,0],
		"tailLengthJitter":[0.33333334,0.33333334,0.6666667,0.6666667,0,0],
		"alphaFadeout":0.2,
		"trailEnabled":true,
		"trailDuration":1,
		"trailWidth":[0.33333334,0.33333334,0.6666667,0.6666667,1,1]
	},
	"movieclip":["sc/effects/Rock3Particle_b | 49e9c85e-dc43-45be-9d16-5080559a832c","sc/effects/Rock2Particle_b | 49e9c85e-da75-49d9-87a0-c863280f9446","sc/effects/Rock1Particle_b | 49e9c85e-10e2-46c1-baed-eefbd2d56c4c"]
}