{
	"emitterDataVersion":6,
	"emitter":{
		"maxParticleCount":50,
		"lifetime":[0.33333334,0.33333334,0.6666667,0.6666667,1,1],
		"lifetimeJitter":[0.33333334,0.33333334,0.6666667,0.6666667,0.2,0.2],
		"mass":1,
		"spawnPointOffset":{},
		"gravity":[0.33333334,0.33333334,0.6666667,0.6666667,[0,0,-7.5],[0,0,-7.5]],
		"components":[
			{
				"__class":"SpawnRate",
				"duration":0.1,
				"spawnRate":[0.33333334,0.33333334,0.6666667,0.6666667,200,200],
				"spawnRateJitter":[0.33333334,0.33333334,0.6666667,0.6666667,0,0]
			},
			{
				"__class":"SpawnPlanar",
				"spawnMinSize":[0.33333334,0.33333334,0.6666667,0.6666667,-1.6666667,-1.6666667],
				"spawnMaxSize":[0.33333334,0.33333334,0.6666667,0.6666667,1.6666667,1.6666667],
				"minAngle":[0.33333334,0.33333334,0.6666667,0.6666667,0,0],
				"maxAngle":[0.33333334,0.33333334,0.6666667,0.6666667,0,0],
				"minSpeedXY":[0.33333334,0.33333334,0.6666667,0.6666667,16.666668,16.666668],
				"maxSpeedXY":[0.33333334,0.33333334,0.6666667,0.6666667,16.666668,16.666668],
				"minSpeedZ":[0.33333334,0.33333334,0.6666667,0.6666667,16.666668,16.666668],
				"maxSpeedZ":[0.33333334,0.33333334,0.6666667,0.6666667,16.666668,16.666668]
			},
			{
				"__class":"SpawnCone",
				"direction":[0.33333334,0.33333334,0.6666667,0.6666667,[0,0,1],[0,0,1]],
				"directionJitterAngle":[0.33333334,0.33333334,0.6666667,0.6666667,20,20],
				"velocity":[0.33333334,0.33333334,0.6666667,0.6666667,3.3333335,3.3333335],
				"velocityJitter":[0.33333334,0.33333334,0.6666667,0.6666667,0,0]
			},
			{"__class":"Ground","bounciness":[0.33333334,0.33333334,0.6666667,0.6666667,0.5,0.5],"friction":[0.33333334,0.33333334,0.6666667,0.6666667,0,0]}
		]
	},
	"render":{
		"globalScale":0.0016666667,
		"scale":[0.8177084,0.059895843,0.9635417,0.5104167,0.5,0],
		"scaleJitter":[0.33333334,0.33333334,0.6666667,0.6666667,0.2,0.2],
		"color":[0.33333334,0.33333334,0.6666667,0.6666667,[1,1,1],[1,1,0]],
		"alpha":[0.33333334,0.33333334,0.6666667,0.6666667,1,1],
		"angle":[0.33333334,0.33333334,0.6666667,0.6666667,0,0],
		"angleJitter":[0.33333334,0.33333334,0.6666667,0.6666667,0,0],
		"rotationSpeed":[0.33333334,0.33333334,0.6666667,0.6666667,200,200],
		"rotationSpeedJitter":[0.33333334,0.33333334,0.6666667,0.6666667,200,200],
		"orientToDirection":true,
		"tailLength":[0.33333334,0.33333334,0.6666667,0.6666667,0,0],
		"tailLengthJitter":[0.33333334,0.33333334,0.6666667,0.6666667,0,0],
		"loopMovieClip":true,
		"alphaFadeout":0.1,
		"trailEnabled":true,
		"trailDuration":0.2,
		"trailWidth":[0.33333334,0.33333334,0.6666667,0.6666667,50,0]
	},
	"movieclip":["sc/effects/bd_star | 49e9c85e-db67-42cf-96cc-27c21d190ca9"]
}