{
	"emitterDataVersion":6,
	"emitter":{
		"maxParticleCount":100,
		"emitterDelay":0.4,
		"lifetime":[0.33333334,0.33333334,0.6666667,0.6666667,10,10],
		"lifetimeJitter":[0.33333334,0.33333334,0.6666667,0.6666667,1,1],
		"mass":1,
		"spawnPointOffset":{"y":-140},
		"gravity":[0.33333334,0.33333334,0.6666667,0.6666667,[0,50.000004,0],[0,50.000004,0]],
		"components":[
			{"__class":"SpawnRate","infinite":true,"duration":0.4,"spawnRate":10,"spawnRateJitter":[0.33333334,0.33333334,0.6666667,0.6666667,0,0]},
			{
				"__class":"SpawnVelocityComponent",
				"velocity":[0.33333334,0.33333334,0.6666667,0.6666667,[0,0,0],[0,0,0]],
				"velocityJitter":[0.33333334,0.33333334,0.6666667,0.6666667,[200.00002,200.00002,0],[200.00002,200.00002,0]]
			},
			{"__class":"SpawnPlanar","spawnMinSize":-100,"spawnMaxSize":100}
		]
	},
	"render":{
		"globalScale":0.10000001,
		"scale":[0.33333334,0.33333334,0.6666667,0.6666667,1,1],
		"scaleJitter":[0.33333334,0.33333334,0.6666667,0.6666667,0.8,0.8],
		"color":[1,1,1],
		"alpha":[0.33333334,0.33333334,0.6666667,0.6666667,1,1],
		"angle":[0.33333334,0.33333334,0.6666667,0.6666667,0,0],
		"angleJitter":[0.33333334,0.33333334,0.6666667,0.6666667,360,360],
		"rotationSpeed":[0.33333334,0.33333334,0.6666667,0.6666667,0,0],
		"rotationSpeedJitter":[0.33333334,0.33333334,0.6666667,0.6666667,80,80],
		"orientToDirection":true,
		"tailLength":[0.33333334,0.33333334,0.6666667,0.6666667,0,0],
		"tailLengthJitter":[0.33333334,0.33333334,0.6666667,0.6666667,0,0],
		"loopMovieClip":true,
		"alphaFadeout":0.2,
		"trailWidth":[0.33333334,0.33333334,0.6666667,0.6666667,1,1]
	},
	"movieclip":["sc/effects/bd_confetti_01_blue | 49e9c85e-886a-40b8-b42a-8df5c19069e7","sc/effects/bd_confetti_01_yellow | 49e9c85e-3a84-4aae-823e-c7feb6ed6397","sc/effects/bd_confetti_01_red | 49e9c85e-ba53-4a11-a330-f6b41999bdbd"]
}