{
	"emitterDataVersion":6,
	"emitter":{
		"maxParticleCount":1,
		"lifetime":[0.33333334,0.33333334,0.6666667,0.6666667,4,4],
		"lifetimeJitter":[0.333333,0.333333,0.666667,0.666667,0,0],
		"mass":1,
		"spawnPointOffset":{},
		"gravity":[0.333333,0.333333,0.666667,0.666667,[0,0,0],[0,0,0]],
		"components":[
			{"__class":"SpawnBurst","bursts":[{}]},
			{
				"__class":"SpawnRate",
				"duration":4,
				"spawnRate":[0.333333,0.333333,0.666667,0.666667,1,1],
				"spawnRateJitter":[0.333333,0.333333,0.666667,0.666667,0,0]
			},
			{"__class":"SpawnLocation","spawnMinSize":[0.333333,0.333333,0.666667,0.666667,0.16666667,0.16666667],"spawnMaxSize":[0.333333,0.333333,0.666667,0.666667,0.16666667,0.16666667]}
		]
	},
	"render":{
		"globalScale":0.01,
		"scale":[0,0.7083334,0,1.0182292,0.5,1],
		"scaleJitter":[0.33333334,0.33333334,0.6666667,0.6666667,0,0],
		"color":[0.333333,0.333333,0.666667,0.666667,[1,1,1],[1,1,1]],
		"alpha":[0.333333,0.333333,0.666667,0.666667,1,1],
		"angle":[0.333333,0.333333,0.666667,0.666667,0,0],
		"angleJitter":[0.333333,0.333333,0.666667,0.666667,0,0],
		"rotationSpeed":[0.333333,0.333333,0.666667,0.666667,0,0],
		"rotationSpeedJitter":[0.333333,0.333333,0.666667,0.666667,0,0],
		"tailLength":[0.333333,0.333333,0.666667,0.666667,0,0],
		"tailLengthJitter":[0.333333,0.333333,0.666667,0.666667,0,0],
		"alphaFadeout":0.5,
		"trailWidth":[0.33333334,0.33333334,0.6666667,0.6666667,1,1]
	}
}