{
	"emitterDataVersion":6,
	"emitter":{
		"maxParticleCount":10,
		"lifetime":0.5,
		"lifetimeJitter":0.5,
		"mass":1,
		"spawnPointOffset":{},
		"components":[
			{"__class":"SpawnRate","duration":0.1,"spawnRate":1000},
			{"__class":"SpawnPlanar","spawnMinSize":0.6666667,"spawnMaxSize":0.6666667,"minAngle":30,"maxAngle":150,"maxSpeedZ":33.333336},
			{"__class":"Drag","dragCoeffecient":[0.6302084,0.059895873,0.5963542,0.9791667,0.16666667,40000]}
		]
	},
	"render":{
		"globalScale":0.0033333334,
		"scale":[0.38802087,0.020833373,0.8697917,0.5026042,1,0],
		"scaleJitter":[0.7552084,0.08333334,0.9791667,0.4401042,0.5,0],
		"color":[0.7552084,0.11458334,0.6666667,0.6666667,[1,1,1],[0.5,0.5,1]],
		"alpha":1,
		"rotationSpeed":[0.33333334,0.33333334,0.6666667,0.6666667,350,100],
		"trailEnabled":true,
		"trailDuration":1,
		"trailWidth":1
	},
	"movieclip":["sc/effects/bd_crystal_01 | 49e9c85e-6494-483c-a572-967360b6e503"]
}