{
	"emitterDataVersion":6,
	"emitter":{
		"maxParticleCount":10,
		"lifetime":[0.33333334,0.33333334,0.6666667,0.6666667,10,10],
		"lifetimeJitter":[0.33333334,0.33333334,0.6666667,0.6666667,1,1],
		"mass":1,
		"spawnPointOffset":{"y":-100.00001},
		"gravity":[0.33333334,0.33333334,0.6666667,0.6666667,[0,60,0],[0,60,0]],
		"components":[
			{
				"__class":"SpawnRate",
				"infinite":true,
				"duration":0.4,
				"spawnRate":[0.33333334,0.33333334,0.6666667,0.6666667,2,2],
				"spawnRateJitter":[0.33333334,0.33333334,0.6666667,0.6666667,1,1]
			},
			{
				"__class":"SpawnVelocityComponent",
				"velocity":[0.33333334,0.33333334,0.6666667,0.6666667,[0,0,0],[0,0,0]],
				"velocityJitter":[0.33333334,0.33333334,0.6666667,0.6666667,[200.00002,200.00002,0],[200.00002,200.00002,0]]
			}
		]
	},
	"render":{
		"globalScale":0.3,
		"scale":[0.33333334,0.33333334,0.6666667,0.6666667,1,1],
		"scaleJitter":[0.33333334,0.33333334,0.6666667,0.6666667,1,1],
		"color":[0.33333334,0.33333334,0.6666667,0.6666667,[0.8,0.8,0.8],[1,1,1]],
		"alpha":[0.33333334,0.33333334,0.6666667,0.6666667,1,1],
		"angle":[0.33333334,0.33333334,0.6666667,0.6666667,0,0],
		"angleJitter":[0.33333334,0.33333334,0.6666667,0.6666667,360,360],
		"rotationSpeed":[0.33333334,0.33333334,0.6666667,0.6666667,0,0],
		"rotationSpeedJitter":[0.33333334,0.33333334,0.6666667,0.6666667,80,80],
		"orientToDirection":true,
		"tailLength":[0.33333334,0.33333334,0.6666667,0.6666667,0,0],
		"tailLengthJitter":[0.33333334,0.33333334,0.6666667,0.6666667,0,0],
		"loopMovieClip":true,
		"alphaFadeout":0.2,
		"trailWidth":[0.33333334,0.33333334,0.6666667,0.6666667,1,1]
	},
	"movieclip":["sc/effects/bd_confetti_01_blur_yellow | 49e9c85e-1d04-4829-bc29-12c661d03017","sc/effects/bd_confetti_01_blur_red | 49e9c85e-1a96-4099-9d3a-85457d418d1b","sc/effects/bd_confetti_01_blur_blue | 49e9c85e-016c-4dac-b293-4fedb05b1e85"]
}