{
	"emitterDataVersion":6,
	"emitter":{
		"maxParticleCount":1000,
		"lifetime":[0.333333,0.333333,0.666667,0.666667,1,1],
		"lifetimeJitter":[0.333333,0.333333,0.666667,0.666667,0.2,0.2],
		"mass":1,
		"spawnPointOffset":{},
		"gravity":[0.333333,0.333333,0.666667,0.666667,[0,0,0],[0,0,0]],
		"components":[
			{
				"__class":"SpawnRate",
				"infinite":true,
				"duration":2,
				"spawnRate":[0.333333,0.333333,0.666667,0.666667,20,20],
				"spawnRateJitter":[0.333333,0.333333,0.666667,0.666667,0,0]
			},
			{"__class":"SpawnLocation","spawnMinSize":[0.333333,0.333333,0.666667,0.666667,0,0],"spawnMaxSize":[0.333333,0.333333,0.666667,0.666667,0,0]}
		]
	},
	"render":{
		"globalScale":0.006666667,
		"scale":[0.33333334,0.33333334,0.6666667,0.6666667,1,2],
		"scaleJitter":[0.33333334,0.33333334,0.6666667,0.6666667,0.2,0.2],
		"color":[0.33333334,0.33333334,0.6666667,0.6666667,[0.6,1,1],[0.9,1,1]],
		"alpha":[0.33333334,0.33333334,0.6666667,0.6666667,0.4,0],
		"angle":[0.333333,0.333333,0.666667,0.666667,0,0],
		"angleJitter":[0.333333,0.333333,0.666667,0.666667,0,0],
		"rotationSpeed":[0.333333,0.333333,0.666667,0.666667,300,300],
		"rotationSpeedJitter":[0.333333,0.333333,0.666667,0.666667,0,0],
		"tailLength":[0.333333,0.333333,0.666667,0.666667,0,0],
		"tailLengthJitter":[0.333333,0.333333,0.666667,0.666667,0,0],
		"trailWidth":[0.33333334,0.33333334,0.6666667,0.6666667,0,0],
		"billboardAlign":2
	},
	"movieclip":["sc/effects/bd_point_blur_01 | 49e9c85e-e997-4050-af52-06e49ec1aa08"]
}