{
	"emitterDataVersion":6,
	"emitter":{
		"maxParticleCount":80,
		"lifetime":[0.33333334,0.33333334,0.6666667,0.6666667,1,1],
		"lifetimeJitter":[0.33333334,0.33333334,0.6666667,0.6666667,1,1],
		"mass":1,
		"spawnPointOffset":{"z":0.6666667},
		"gravity":[0.33333334,0.33333334,0.6666667,0.6666667,[0,0,-33.333336],[0,0,-33.333336]],
		"components":[
			{
				"__class":"SpawnRate",
				"duration":1,
				"spawnRate":[0.33333334,0.33333334,0.6666667,0.6666667,1000,1000],
				"spawnRateJitter":[0.33333334,0.33333334,0.6666667,0.6666667,0,0]
			},
			{
				"__class":"SpawnCone",
				"direction":[0.33333334,0.33333334,0.6666667,0.6666667,[0,0,1],[0,0,1]],
				"directionJitterAngle":[0.33333334,0.33333334,0.6666667,0.6666667,60,60],
				"velocity":[0.33333334,0.33333334,0.6666667,0.6666667,20,20],
				"velocityJitter":[0.33333334,0.33333334,0.6666667,0.6666667,0,0]
			},
			{"__class":"Deceleration","deceleration":[0.33333334,0.33333334,0.6666667,0.6666667,[33.333336,33.333336,33.333336],[33.333336,33.333336,33.333336]]}
		]
	},
	"render":{
		"globalScale":0.005,
		"scale":[0.9505209,0.020833343,1,0.5182292,1,0],
		"scaleJitter":[0.33333334,0.33333334,0.6666667,0.6666667,0.5,0],
		"color":[0.33333334,0.33333334,0.6666667,0.6666667,[1,1,1],[1,1,1]],
		"alpha":[0.33333334,0.33333334,0.6666667,0.6666667,1,1],
		"angle":[0.33333334,0.33333334,0.6666667,0.6666667,0,0],
		"angleJitter":[0.33333334,0.33333334,0.6666667,0.6666667,0,0],
		"rotationSpeed":[0.33333334,0.33333334,0.6666667,0.6666667,0,0],
		"rotationSpeedJitter":[0.33333334,0.33333334,0.6666667,0.6666667,0,0],
		"tailLength":[0.33333334,0.33333334,0.6666667,0.6666667,0,0],
		"tailLengthJitter":[0.33333334,0.33333334,0.6666667,0.6666667,0,0],
		"loopMovieClip":true,
		"trailEnabled":true,
		"trailDuration":1,
		"trailWidth":[0.33333334,0.33333334,0.6666667,0.6666667,1,1]
	},
	"movieclip":["sc/effects/bd_confetti_S_01_yellow | 49e9c85e-b738-460b-ba20-68bf52927b3f","sc/effects/bd_confetti_S_01_red | 49e9c85e-7a3d-4515-9137-dc77e2ba973d","sc/effects/bd_confetti_S_01_green | 49e9c85e-7394-4865-bf39-2ad16ac73a91"]
}