{
	"emitterDataVersion":6,
	"emitter":{
		"maxParticleCount":5,
		"lifetime":[0.33333334,0.33333334,0.6666667,0.6666667,0.8,0.8],
		"lifetimeJitter":[0.33333334,0.33333334,0.6666667,0.6666667,0.1,0.1],
		"mass":1,
		"spawnPointOffset":{},
		"gravity":[0.33333334,0.33333334,0.6666667,0.6666667,[0,0,-16.666668],[0,0,-16.666668]],
		"components":[
			{
				"__class":"SpawnRate",
				"duration":0.1,
				"spawnRate":[0.33333334,0.33333334,0.6666667,0.6666667,100,100],
				"spawnRateJitter":[0.33333334,0.33333334,0.6666667,0.6666667,0,0]
			},
			{"__class":"SpawnLocation","spawnMinSize":[0.33333334,0.33333334,0.6666667,0.6666667,0.16666667,0.16666667],"spawnMaxSize":[0.33333334,0.33333334,0.6666667,0.6666667,0.16666667,0.16666667]},
			{
				"__class":"SpawnVelocityComponent",
				"velocity":[0.33333334,0.33333334,0.6666667,0.6666667,[0,0,8.333334],[0,0,8.333334]],
				"velocityJitter":[0.33333334,0.33333334,0.6666667,0.6666667,[8.333334,8.333334,0],[8.333334,8.333334,0]]
			},
			{"__class":"Deceleration","deceleration":[0.33333334,0.33333334,0.6666667,0.6666667,[0,0,1.6666667],[0,0,0]]}
		]
	},
	"render":{
		"globalScale":0.033333335,
		"scale":[0.7239584,0.028645873,1,0.4088542,1,0],
		"scaleJitter":[0.33333334,0.33333334,0.6666667,0.6666667,0,0],
		"color":[0.33333334,0.33333334,0.6666667,0.6666667,[1,1,0.5],[1,1,0.5]],
		"alpha":[0.33333334,0.33333334,0.6666667,0.6666667,1,1],
		"angle":[0.33333334,0.33333334,0.6666667,0.6666667,0,0],
		"angleJitter":[0.33333334,0.33333334,0.6666667,0.6666667,0,0],
		"rotationSpeed":[0.33333334,0.33333334,0.6666667,0.6666667,0,0],
		"rotationSpeedJitter":[0.33333334,0.33333334,0.6666667,0.6666667,0,0],
		"tailLength":[0.33333334,0.33333334,0.6666667,0.6666667,0,0],
		"tailLengthJitter":[0.33333334,0.33333334,0.6666667,0.6666667,0,0],
		"loopMovieClip":true,
		"alphaFadeout":0.2,
		"trailEnabled":true,
		"trailDuration":0.3,
		"trailWidth":[0.33333334,0.33333334,0.6666667,0.6666667,3,3],
		"trailImage":"image/range3.png#premultiply"
	},
	"movieclip":["sc/effects/bd_golden_point | 49e9c85e-ac5b-4f7f-8d71-d5f4480b7d9e"]
}