{
	"emitterDataVersion":6,
	"emitter":{
		"maxParticleCount":6,
		"lifetime":0.6,
		"lifetimeJitter":0.2,
		"mass":1,
		"spawnPointOffset":{"z":0.2},
		"gravity":[0.33333334,0.33333334,0.6666667,0.6666667,[0,0,0],[0,0,0]],
		"components":[
			{"__class":"SpawnRate","duration":0.1,"spawnRate":50},
			{"__class":"SpawnPlanar","spawnMinSize":0.5,"spawnMaxSize":0.6,"maxAngle":360,"minSpeedZ":4,"maxSpeedZ":10},
			{"__class":"Drag","dragCoeffecient":20000}
		]
	},
	"render":{
		"globalScale":0.0033333334,
		"scale":[0.6015625,-0.7526041,0.671875,-0.6848958,3,1],
		"scaleJitter":[0,-1.8541666,0.002604187,-1.4427083,0.5,0.5],
		"color":[0.33333334,0.33333334,0.6666667,0.6666667,[1,1,1],[0.5,0.5,1]],
		"alpha":[0.9505209,-0.018229127,0.875,0.5338542,1,1],
		"angle":[0.33333334,0.33333334,0.6666667,0.6666667,0,0],
		"angleJitter":[0.33333334,0.33333334,0.6666667,0.6666667,0,0],
		"rotationSpeed":[0.33333334,0.33333334,0.6666667,0.6666667,0,0],
		"rotationSpeedJitter":[0.33333334,0.33333334,0.6666667,0.6666667,0,0],
		"tailLength":[0.08333334,0.9739584,0.2916667,1.0026042,0,0],
		"tailLengthJitter":[0.33333334,0.33333334,0.6666667,0.6666667,0,0],
		"loopMovieClip":true,
		"alphaFadeout":0.2,
		"trailWidth":[0.33333334,0.33333334,0.6666667,0.6666667,200,200],
		"blendMode":2
	},
	"movieclip":["sc/effects/bd_energy_arrow | 49e9c85e-6889-4d72-8049-9bdabda27158"]
}