{
	"emitterDataVersion":6,
	"emitter":{
		"maxParticleCount":50,
		"lifetime":0.4,
		"mass":1,
		"spawnPointOffset":{},
		"components":[
			{"__class":"SpawnRate","duration":0.1,"spawnRate":30},
			{"__class":"SpawnLocation","spawnShape":1,"spawnMaxSize":0.16666667},
			{"__class":"SpawnVelocityComponent","velocity":[0,0,2.5]},
			{"__class":"Deceleration","deceleration":[0,0,3.3333335]}
		]
	},
	"render":{
		"globalScale":0.005,
		"scale":[0.6692709,0.013020873,0.5416667,0.8385417,1.2,0.2],
		"scaleJitter":0.1,
		"color":[0.8098959,0.044270843,0.3072917,0.6901042,[1,1,1],[1,0.5,0]],
		"alpha":[0.5286459,0.21614587,0.7760417,0.64322925,0.5,0],
		"rotationSpeed":100,
		"rotationSpeedJitter":1000,
		"trailEnabled":true,
		"trailDuration":0.1
	},
	"movieclip":["sc/effects/bd_fire_particle_04 | 49e9c85e-4197-47a7-91bb-827cf789668d","sc/effects/bd_fire_particle_01 | 49e9c85e-0894-4452-b593-3a57efff74b8","sc/effects/bd_fire_particle_02 | 49e9c85e-577d-4d18-a344-72a759e7057d","sc/effects/bd_fire_particle_03 | 49e9c85e-00f2-4d18-bf87-8e63026ba6bc"]
}