{
	"emitterDataVersion":6,
	"emitter":{
		"maxParticleCount":4,
		"lifetime":0.4,
		"mass":1,
		"spawnPointOffset":{},
		"gravity":[0.33333334,0.33333334,0.6666667,0.6666667,[0,0,0],[0,0,0]],
		"components":[{"__class":"SpawnRate","duration":0.1,"spawnRate":20},{"__class":"SpawnLocation","spawnShape":1,"spawnMinSize":0.16666667,"spawnMaxSize":0.16666667}]
	},
	"render":{
		"globalScale":0.06666667,
		"scale":1,
		"scaleJitter":[0.33333334,0.33333334,0.6666667,0.6666667,0.2,0.2],
		"color":[0,0.6145834,0.3072917,1.0494792,[1,0.8,0.5],[1,0.5,0]],
		"alpha":0.4,
		"angle":[0.33333334,0.33333334,0.6666667,0.6666667,0,0],
		"angleJitter":[0.33333334,0.33333334,0.6666667,0.6666667,0,0],
		"rotationSpeed":[0.33333334,0.33333334,0.6666667,0.6666667,0,0],
		"rotationSpeedJitter":[0.33333334,0.33333334,0.6666667,0.6666667,0,0],
		"tailLength":[0.33333334,0.33333334,0.6666667,0.6666667,0,0],
		"tailLengthJitter":[0.33333334,0.33333334,0.6666667,0.6666667,0,0],
		"alphaFadeout":0.5,
		"trailEnabled":true,
		"trailDuration":0.1,
		"trailWidth":[0.33333334,0.33333334,0.6666667,0.6666667,0,0],
		"billboardAlign":2
	},
	"movieclip":["sc/effects/bd_point_blur_02 | 49e9c85e-3db7-4455-a28b-b9b3f5d092cb"]
}