{
	"emitterDataVersion":6,
	"emitter":{
		"maxParticleCount":6,
		"lifetime":0.3,
		"lifetimeJitter":0.1,
		"mass":1,
		"spawnPointOffset":{},
		"gravity":[0.33333334,0.33333334,0.6666667,0.6666667,[0,0,0],[0,0,0]],
		"components":[
			{
				"__class":"SpawnRate",
				"duration":1,
				"spawnRate":[0.33333334,0.33333334,0.6666667,0.6666667,1000,1000],
				"spawnRateJitter":[0.33333334,0.33333334,0.6666667,0.6666667,0,0]
			},
			{
				"__class":"SpawnCone",
				"direction":[0.33333334,0.33333334,0.6666667,0.6666667,[0,-1,0],[0,-1,0]],
				"directionJitterAngle":[0.33333334,0.33333334,0.6666667,0.6666667,160,160],
				"velocity":[0.33333334,0.33333334,0.6666667,0.6666667,10,10],
				"velocityJitter":[0.33333334,0.33333334,0.6666667,0.6666667,0,0]
			},
			{"__class":"Drag","dragCoeffecient":30000}
		]
	},
	"render":{
		"globalScale":0.01,
		"scale":[0.25,-0.38541666,0.7291667,0.4322917,1,0.2],
		"scaleJitter":[0.33333334,0.33333334,0.6666667,0.6666667,0.2,0],
		"color":[0.3046875,-0.018229127,0.0234375,1.0260417,[1,0.5,0],[0.6,0.6,0.7]],
		"alpha":[0.33333334,0.33333334,0.6666667,0.6666667,1,1],
		"angle":[0.33333334,0.33333334,0.6666667,0.6666667,0,0],
		"angleJitter":[0.33333334,0.33333334,0.6666667,0.6666667,30,30],
		"rotationSpeed":[0.33333334,0.33333334,0.6666667,0.6666667,0,0],
		"rotationSpeedJitter":[0.33333334,0.33333334,0.6666667,0.6666667,0,0],
		"tailLength":[0.33333334,0.33333334,0.6666667,0.6666667,0,0],
		"tailLengthJitter":[0.33333334,0.33333334,0.6666667,0.6666667,0,0],
		"loopMovieClip":true,
		"alphaFadeout":0.1,
		"trailEnabled":true,
		"trailDuration":1,
		"trailWidth":[0.33333334,0.33333334,0.6666667,0.6666667,1,1]
	},
	"movieclip":["sc/effects/cloud_02 | 49e9c85e-d671-4d2c-bce4-a50f4d74a74f","sc/effects/cloud_03 | 49e9c85e-f7c6-472a-8fbd-22a364a62988","sc/effects/cloud_01 | 49e9c85e-e0fa-40e2-8d06-6344ebcaed15"]
}