{
	"emitterDataVersion":6,
	"emitter":{
		"maxParticleCount":22,
		"lifetime":1.5,
		"lifetimeJitter":1,
		"mass":1,
		"spawnPointOffset":{},
		"gravity":[0,0,-25],
		"components":[
			{"__class":"SpawnRate","duration":0.2,"spawnRate":100},
			{"__class":"SpawnLocation","spawnShape":1,"spawnMinSize":0.16666667,"spawnMaxSize":0.16666667},
			{"__class":"SpawnCone","direction":[0,0,10],"directionJitterAngle":30,"velocity":13.333334,"velocityJitter":1.6666667},
			{"__class":"Ground","bounciness":0.35,"friction":1}
		]
	},
	"render":{
		"globalScale":0.006666667,
		"scale":[1,0.020833373,1,0.5338542,1.2,0],
		"scaleJitter":[1,0],
		"color":[0.33333334,0.33333334,0.6666667,0.6666667,[1,1,1],[1,1,1]],
		"alpha":1,
		"angleJitter":360,
		"rotationSpeed":[0.036458343,0.47395834,0.041666687,0.99479175,-1000,0],
		"rotationSpeedJitter":[0,0.6536459,0.08072919,0.98697925,1000,0],
		"alphaFadeout":0.2,
		"trailEnabled":true,
		"trailDuration":1,
		"trailWidth":1
	},
	"movieclip":["sc/effects/ani_stone_fire_01 | 49e9c85e-1353-4e34-8bea-d81001b71efa","sc/effects/ani_stone_fire_02 | 49e9c85e-3e63-4087-b4cb-eeabebd01ff5","sc/effects/ani_stone_fire_03 | 49e9c85e-0c45-447f-913e-65c47b1c35f7"]
}