{
	"emitterDataVersion":6,
	"emitter":{
		"maxParticleCount":100,
		"lifetime":[0.33333334,0.33333334,0.6666667,0.6666667,1,1],
		"lifetimeJitter":[0.33333334,0.33333334,0.6666667,0.6666667,0,0],
		"mass":1,
		"spawnPointOffset":{},
		"gravity":[0.33333334,0.33333334,0.6666667,0.6666667,[0,0,0],[0,0,0]],
		"components":[
			{
				"__class":"SpawnRate",
				"infinite":true,
				"duration":3,
				"spawnRate":[0.33333334,0.33333334,0.6666667,0.6666667,30,30],
				"spawnRateJitter":[0.33333334,0.33333334,0.6666667,0.6666667,0,0]
			},
			{
				"__class":"SpawnLocation",
				"spawnShape":2,
				"spawnMinSize":[0.33333334,0.33333334,0.6666667,0.6666667,0.16666667,0.16666667],
				"spawnMaxSize":[0.33333334,0.33333334,0.6666667,0.6666667,0.33333334,0.33333334]
			},
			{
				"__class":"SpawnVelocityComponent",
				"velocity":[0.0078125,0.9895834,0,0.99479175,[0,1.6666667,0],[1.6666667,0,0]],
				"velocityJitter":[0.33333334,0.33333334,0.6666667,0.6666667,[0,0,0],[0,0,0]]
			},
			{"__class":"Deceleration","deceleration":[0.33333334,0.33333334,0.6666667,0.6666667,[1.6666667,1.6666667,1.6666667],[1.6666667,1.6666667,1.6666667]]}
		]
	},
	"render":{
		"globalScale":0.0033333334,
		"scale":[0.33333334,0.33333334,0.6666667,0.6666667,0.5,0],
		"scaleJitter":[0.33333334,0.33333334,0.6666667,0.6666667,0,0],
		"color":[0,0.6380209,0.08072919,0.98697925,[0,0.5,0.5],[0,0.5,1]],
		"alpha":[1,0.028645843,0.9765625,0.6119792,1,0],
		"angle":[0.33333334,0.33333334,0.6666667,0.6666667,0,0],
		"angleJitter":[0.33333334,0.33333334,0.6666667,0.6666667,0,0],
		"rotationSpeed":[0.33333334,0.33333334,0.6666667,0.6666667,0,0],
		"rotationSpeedJitter":[0.33333334,0.33333334,0.6666667,0.6666667,0,0],
		"tailLength":[0.33333334,0.33333334,0.6666667,0.6666667,0,0],
		"tailLengthJitter":[0.33333334,0.33333334,0.6666667,0.6666667,0,0],
		"alphaFadeout":0.5,
		"trailEnabled":true,
		"trailDuration":1,
		"trailWidth":[0.33333334,0.33333334,0.6666667,0.6666667,1,1]
	},
	"movieclip":["sc/effects/bd_heal01 | 49e9c85e-24ca-4f58-ad39-310c103c3548"]
}