{
	"emitterDataVersion":6,
	"emitter":{
		"maxParticleCount":1000,
		"lifetime":[0.33333334,0.33333334,0.6666667,0.6666667,2,2],
		"lifetimeJitter":[0.33333334,0.33333334,0.6666667,0.6666667,0.5,0.5],
		"mass":1,
		"spawnPointOffset":{},
		"gravity":[0.33333334,0.33333334,0.6666667,0.6666667,[0,0,0],[0,0,0]],
		"components":[
			{
				"__class":"SpawnRate",
				"infinite":true,
				"duration":1,
				"spawnRate":[0.33333334,0.33333334,0.6666667,0.6666667,5,5],
				"spawnRateJitter":[0.33333334,0.33333334,0.6666667,0.6666667,0,0]
			},
			{"__class":"Ground","bounciness":[0.33333334,0.33333334,0.6666667,0.6666667,0,0],"friction":[0.33333334,0.33333334,0.6666667,0.6666667,0,0]},
			{
				"__class":"SpawnLocation",
				"spawnShape":2,
				"spawnMinSize":[0.33333334,0.33333334,0.6666667,0.6666667,5,5],
				"spawnMaxSize":[0.33333334,0.33333334,0.6666667,0.6666667,10,10]
			},
			{
				"__class":"SpawnVelocityComponent",
				"velocity":[0.33333334,0.33333334,0.6666667,0.6666667,[0,-5,0],[0,-5,0]],
				"velocityJitter":[0.33333334,0.33333334,0.6666667,0.6666667,[0,5,0],[0,5,0]]
			}
		]
	},
	"render":{
		"globalScale":0.10000001,
		"scale":[0.33333334,0.33333334,0.6666667,0.6666667,1,0],
		"scaleJitter":[0.33333334,0.33333334,0.6666667,0.6666667,0.5,0.5],
		"color":[0.33333334,0.33333334,0.6666667,0.6666667,[1,1,1],[1,1,1]],
		"alpha":[0.06770834,0.6302084,0.5885417,0.8307292,0,1],
		"angle":[0.33333334,0.33333334,0.6666667,0.6666667,0,0],
		"angleJitter":[0.33333334,0.33333334,0.6666667,0.6666667,0,0],
		"rotationSpeed":[0.33333334,0.33333334,0.6666667,0.6666667,0,0],
		"rotationSpeedJitter":[0.33333334,0.33333334,0.6666667,0.6666667,0,0],
		"tailLength":[0.33333334,0.33333334,0.6666667,0.6666667,0,0],
		"tailLengthJitter":[0.33333334,0.33333334,0.6666667,0.6666667,0,0],
		"loopMovieClip":true,
		"alphaFadeout":0.4,
		"trailEnabled":true,
		"trailDuration":1,
		"trailWidth":[0.33333334,0.33333334,0.6666667,0.6666667,1,1],
		"blendMode":2
	},
	"movieclip":["sc/effects/bd_golden_point | 49e9c85e-ac5b-4f7f-8d71-d5f4480b7d9e"]
}