{
	"emitterDataVersion":6,
	"emitter":{
		"maxParticleCount":100,
		"lifetime":[0.33333334,0.33333334,0.6666667,0.6666667,0.5,0.5],
		"lifetimeJitter":[0.33333334,0.33333334,0.6666667,0.6666667,0,0],
		"mass":1,
		"spawnPointOffset":{},
		"gravity":[0.33333334,0.33333334,0.6666667,0.6666667,[0,0,16.666668],[0,0,16.666668]],
		"components":[
			{
				"__class":"SpawnRate",
				"duration":0.3,
				"spawnRate":[0.33333334,0.33333334,0.6666667,0.6666667,10,10],
				"spawnRateJitter":[0.33333334,0.33333334,0.6666667,0.6666667,0,0]
			},
			{
				"__class":"SpawnVelocityComponent",
				"velocity":[0.33333334,0.33333334,0.6666667,0.6666667,[0,0,0],[0,0,0]],
				"velocityJitter":[0.33333334,0.33333334,0.6666667,0.6666667,[0,0,0],[0,0,0]]
			}
		]
	},
	"render":{
		"globalScale":0.005,
		"scale":[0.33333334,0.33333334,0.6666667,0.6666667,1,0.4],
		"scaleJitter":[0.33333334,0.33333334,0.6666667,0.6666667,0,0],
		"color":[0,1.1614584,0,0.95572925,[1,1,1],[0.8,0.6,0]],
		"alpha":[0.036458343,0.7864584,0.15104169,0.9713542,0,1],
		"angle":[0.33333334,0.33333334,0.6666667,0.6666667,-90,-90],
		"angleJitter":[0.33333334,0.33333334,0.6666667,0.6666667,0,0],
		"rotationSpeed":[0.33333334,0.33333334,0.6666667,0.6666667,0,0],
		"rotationSpeedJitter":[0.33333334,0.33333334,0.6666667,0.6666667,0,0],
		"tailLength":[0.33333334,0.33333334,0.6666667,0.6666667,1,1],
		"tailLengthJitter":[0.33333334,0.33333334,0.6666667,0.6666667,0,0],
		"loopMovieClip":true,
		"alphaFadeout":0.4,
		"trailEnabled":true,
		"trailDuration":1,
		"trailWidth":[0.33333334,0.33333334,0.6666667,0.6666667,1,1],
		"blendMode":2
	},
	"movieclip":["sc/effects/fx_spotlight_10 | 49e9c85e-4036-4cd6-9f5d-1f947334fdd9"]
}