{
	"emitterDataVersion":6,
	"emitter":{
		"maxParticleCount":200,
		"lifetime":0.5,
		"lifetimeJitter":0.2,
		"mass":1,
		"spawnPointOffset":{},
		"gravity":[0,0.33333334,0],
		"components":[{"__class":"SpawnRate","infinite":true,"duration":3,"spawnRate":100},{"__class":"SpawnPlanar","spawnMinSize":-1,"spawnMaxSize":1,"maxSpeedZ":1.6666667}]
	},
	"render":{
		"globalScale":0.016666668,
		"scale":[0.08333337,0.40364587,0.4166667,0.6276042,1,0],
		"scaleJitter":[0.33333334,0.33333334,0.6666667,0.6666667,0.2,0],
		"color":[1,1,1],
		"alpha":[0,0.9192709,0.2265625,0.9791667,1,1],
		"angle":[0.33333334,0.33333334,0.6666667,0.6666667,45,0],
		"angleJitter":100,
		"rotationSpeed":[0.33333334,0.33333334,0.6666667,0.6666667,0,0],
		"rotationSpeedJitter":100,
		"tailLength":[0.33333334,0.33333334,0.6666667,0.6666667,0,0],
		"tailLengthJitter":[0.33333334,0.33333334,0.6666667,0.6666667,0,0],
		"alphaFadeout":0.1,
		"trailDuration":1,
		"trailWidth":[0.33333334,0.33333334,0.6666667,0.6666667,0,0],
		"blendMode":2
	},
	"movieclip":["sc/effects/fx_twinkle_yellow | 49e9c85e-92b2-49d9-b8a9-d1fc927478b6"]
}