{
	"emitterDataVersion":6,
	"emitter":{
		"maxParticleCount":200,
		"lifetime":0.5,
		"lifetimeJitter":0.5,
		"mass":1,
		"spawnPointOffset":{},
		"gravity":[0.33333334,0.33333334,0.6666667,0.6666667,[0,0,0],[0,0,0]],
		"components":[
			{"__class":"SpawnRate","infinite":true,"duration":3,"spawnRate":20},
			{"__class":"SpawnPlanar","spawnMinSize":-1,"spawnMaxSize":1,"minSpeedZ":1.6666667,"maxSpeedZ":3.3333335},
			{"__class":"Drag","dragCoeffecient":20000}
		]
	},
	"render":{
		"globalScale":0.0013333334,
		"scale":[0.8723959,0.044270873,0.8697917,0.5182292,1,0],
		"scaleJitter":[0.33333334,0.33333334,0.6666667,0.6666667,0.2,0],
		"color":[0.33333334,0.33333334,0.6666667,0.6666667,[0.5,0.5,0],[0.05,0.05,0]],
		"alpha":[0,0.9192709,0.2265625,0.9791667,1,1],
		"angle":[0.33333334,0.33333334,0.6666667,0.6666667,0,0],
		"angleJitter":[0.33333334,0.33333334,0.6666667,0.6666667,0,0],
		"rotationSpeed":[0.33333334,0.33333334,0.6666667,0.6666667,0,0],
		"rotationSpeedJitter":[0.33333334,0.33333334,0.6666667,0.6666667,0,0],
		"tailLength":[0.33333334,0.33333334,0.6666667,0.6666667,0,0],
		"tailLengthJitter":[0.33333334,0.33333334,0.6666667,0.6666667,0,0],
		"alphaFadeout":0.2,
		"trailDuration":1,
		"trailWidth":[0.33333334,0.33333334,0.6666667,0.6666667,0,0]
	},
	"movieclip":["sc/effects/bd_heal01 | 49e9c85e-24ca-4f58-ad39-310c103c3548"]
}