{
	"emitterDataVersion":6,
	"emitter":{
		"maxParticleCount":1,
		"lifetime":[0.33333334,0.33333334,0.6666667,0.6666667,2.5,2.5],
		"lifetimeJitter":[0.33333334,0.33333334,0.6666667,0.6666667,0,0],
		"mass":1,
		"spawnPointOffset":{},
		"gravity":[0.33333334,0.33333334,0.6666667,0.6666667,[0,0,0],[0,0,0]],
		"followEmitter":true,
		"components":[
			{
				"__class":"SpawnRate",
				"duration":0.1,
				"spawnRate":[0.33333334,0.33333334,0.6666667,0.6666667,60,60],
				"spawnRateJitter":[0.33333334,0.33333334,0.6666667,0.6666667,0,0]
			}
		]
	},
	"render":{
		"globalScale":0.016666668,
		"scale":[0,0.8645834,0,1.0026042,1,1],
		"scaleJitter":[0.33333334,0.33333334,0.6666667,0.6666667,0,0],
		"color":[0.33333334,0.33333334,0.6666667,0.6666667,[1,0.8,0],[1,0.8,0]],
		"alpha":[0.15364584,0.7239584,0.6041667,0.9869792,1,0],
		"angle":[0.33333334,0.33333334,0.6666667,0.6666667,0,0],
		"angleJitter":[0.33333334,0.33333334,0.6666667,0.6666667,0,0],
		"rotationSpeed":[0.33333334,0.33333334,0.6666667,0.6666667,0,0],
		"rotationSpeedJitter":[0.33333334,0.33333334,0.6666667,0.6666667,0,0],
		"tailLength":[0.33333334,0.33333334,0.6666667,0.6666667,0,0],
		"tailLengthJitter":[0.33333334,0.33333334,0.6666667,0.6666667,0,0],
		"trailEnabled":true,
		"trailDuration":1,
		"trailWidth":[0.33333334,0.33333334,0.6666667,0.6666667,1,1],
		"blendMode":2,
		"billboardAlign":2,
		"billboardInheritScale":true
	},
	"movieclip":["sc/effects/fx_blink_common_02 | 49e9c85e-f1f5-4421-9bc7-8fdec37aa0af"]
}