{
	"emitterDataVersion":6,
	"emitter":{
		"maxParticleCount":10,
		"lifetime":[0.33333334,0.33333334,0.6666667,0.6666667,1,1],
		"lifetimeJitter":[0.33333334,0.33333334,0.6666667,0.6666667,1,1],
		"mass":1,
		"spawnPointOffset":{},
		"gravity":[0.33333334,0.33333334,0.6666667,0.6666667,[0,0,0],[0,0,0]],
		"components":[
			{
				"__class":"SpawnRate",
				"duration":0.02,
				"spawnRate":[0.33333334,0.33333334,0.6666667,0.6666667,300,300],
				"spawnRateJitter":[0.33333334,0.33333334,0.6666667,0.6666667,0,0]
			},
			{
				"__class":"SpawnLocation",
				"spawnShape":2,
				"spawnMinSize":[0.33333334,0.33333334,0.6666667,0.6666667,0.5,0.5],
				"spawnMaxSize":[0.33333334,0.33333334,0.6666667,0.6666667,0.6666667,0.6666667]
			},
			{
				"__class":"SpawnVelocityComponent",
				"velocity":[0.33333334,0.33333334,0.6666667,0.6666667,[0,0,2],[0,0,2]],
				"velocityJitter":[0.33333334,0.33333334,0.6666667,0.6666667,[0,0,0.33333334],[0,0,0.33333334]]
			},
			{"__class":"Deceleration","deceleration":[0.33333334,0.33333334,0.6666667,0.6666667,[0,0,0.8333334],[0,0,0.8333334]]}
		]
	},
	"render":{
		"globalScale":0.0033333334,
		"scale":[0.33333334,0.33333334,0.6666667,0.6666667,1,0],
		"scaleJitter":[0.33333334,0.33333334,0.6666667,0.6666667,0.2,0],
		"color":[0.4765625,0.26302087,0.8984375,0.57291675,[1,1,1],[0.5,0.5,0]],
		"alpha":[0.33333334,0.33333334,0.6666667,0.6666667,1,0.5],
		"angle":[0.33333334,0.33333334,0.6666667,0.6666667,0,0],
		"angleJitter":[0.33333334,0.33333334,0.6666667,0.6666667,0,0],
		"rotationSpeed":[0.33333334,0.33333334,0.6666667,0.6666667,0,0],
		"rotationSpeedJitter":[0.33333334,0.33333334,0.6666667,0.6666667,0,0],
		"tailLength":[0.33333334,0.33333334,0.6666667,0.6666667,0,0],
		"tailLengthJitter":[0.33333334,0.33333334,0.6666667,0.6666667,0,0],
		"loopMovieClip":true,
		"alphaFadeout":0.5,
		"trailEnabled":true,
		"trailDuration":1,
		"trailWidth":[0.33333334,0.33333334,0.6666667,0.6666667,1,1]
	},
	"movieclip":["sc/effects/bd_heal01 | 49e9c85e-24ca-4f58-ad39-310c103c3548"]
}