{
	"emitterDataVersion":6,
	"emitter":{
		"maxParticleCount":200,
		"lifetime":[0.333333,0.333333,0.666667,0.666667,0.6,0.6],
		"lifetimeJitter":[0.333333,0.333333,0.666667,0.666667,0.2,0.2],
		"mass":1,
		"spawnPointOffset":{},
		"gravity":[0.333333,0.333333,0.666667,0.666667,[0,0,0],[0,0,0]],
		"components":[
			{
				"__class":"SpawnRate",
				"infinite":true,
				"spawnRate":[0.333333,0.333333,0.666667,0.666667,3,3],
				"spawnRateJitter":[0.333333,0.333333,0.666667,0.666667,0,0]
			},
			{
				"__class":"SpawnLocation",
				"spawnShape":2,
				"spawnMinSize":[0.333333,0.333333,0.666667,0.666667,0.16666667,0.16666667],
				"spawnMaxSize":[0.333333,0.333333,0.666667,0.666667,0.16666667,0.16666667]
			}
		]
	},
	"render":{
		"globalScale":0.006666667,
		"scale":[0.0234375,0.6458334,0.5703125,0.7604167,1,0],
		"scaleJitter":[0.33333334,0.33333334,0.6666667,0.6666667,0,0],
		"color":[1,1,1],
		"alpha":[0.333333,0.333333,0.666667,0.666667,1,1],
		"angle":[0.333333,0.333333,0.666667,0.666667,0,0],
		"angleJitter":[0.333333,0.333333,0.666667,0.666667,0,0],
		"rotationSpeed":[0.333333,0.333333,0.666667,0.666667,0,0],
		"rotationSpeedJitter":[0.333333,0.333333,0.666667,0.666667,0,0],
		"tailLength":[0.333333,0.333333,0.666667,0.666667,0,0],
		"tailLengthJitter":[0.333333,0.333333,0.666667,0.666667,0,0],
		"alphaFadeout":0.1,
		"trailWidth":[0.33333334,0.33333334,0.6666667,0.6666667,0,0]
	},
	"movieclip":["sc/effects/fx_twinkle_blue_add | 49e9c85e-29f4-4a87-9af4-9065f3af77ba","sc/effects/fx_twinkle_yellow_add | 49e9c85e-f042-44a2-a40e-c2f1edc3e902","sc/effects/fx_twinkle_pink_add | 49e9c85e-4dd9-498b-bb6c-ffe9576ec24c","sc/effects/fx_twinkle_orange_add | 49e9c85e-217e-42d6-8347-ac46614b4ce0"]
}