{
	"emitterDataVersion":6,
	"emitter":{
		"maxParticleCount":15,
		"lifetime":[0.33333334,0.33333334,0.6666667,0.6666667,0.5,0.5],
		"lifetimeJitter":[0.33333334,0.33333334,0.6666667,0.6666667,0,0],
		"mass":1,
		"spawnPointOffset":{},
		"gravity":[0.33333334,0.33333334,0.6666667,0.6666667,[0,0,0],[0,0,0]],
		"followEmitter":true,
		"components":[
			{
				"__class":"SpawnRate",
				"infinite":true,
				"spawnRate":[0.33333334,0.33333334,0.6666667,0.6666667,50,50],
				"spawnRateJitter":[0.33333334,0.33333334,0.6666667,0.6666667,0,0]
			},
			{"__class":"SpawnLocation","spawnMinSize":[0.33333334,0.33333334,0.6666667,0.6666667,0,0],"spawnMaxSize":[0.33333334,0.33333334,0.6666667,0.6666667,0,0]}
		]
	},
	"render":{
		"globalScale":0.013333334,
		"scale":[0.020833343,0.44270834,0.3932292,0.9635417,1,0.5],
		"scaleJitter":[0.33333334,0.33333334,0.6666667,0.6666667,0,0],
		"color":[0.33333334,0.33333334,0.6666667,0.6666667,[1,1,1],[1,1,1]],
		"alpha":[0.33333334,0.33333334,0.6666667,0.6666667,1,1],
		"angle":[0.33333334,0.33333334,0.6666667,0.6666667,0,0],
		"angleJitter":[0.33333334,0.33333334,0.6666667,0.6666667,0,0],
		"rotationSpeed":[0.33333334,0.33333334,0.6666667,0.6666667,0,0],
		"rotationSpeedJitter":[0.33333334,0.33333334,0.6666667,0.6666667,0,0],
		"tailLength":[0.33333334,0.33333334,0.6666667,0.6666667,0,0],
		"tailLengthJitter":[0.33333334,0.33333334,0.6666667,0.6666667,0,0],
		"loopMovieClip":true,
		"trailEnabled":true,
		"trailDuration":0.5,
		"trailWidth":[0.33333334,0.33333334,0.6666667,0.6666667,80,20],
		"trailHeadOrTails":true,
		"trailImage":"image/acy_mecha_trail01.png#premultiply"
	},
	"movieclip":["sc/ui/damage_icon | 49e9c85e-e151-41bd-ae51-9139a04f37a9"]
}