{
	"emitterDataVersion":6,
	"emitter":{
		"maxParticleCount":1,
		"lifetime":[0.333333,0.333333,0.666667,0.666667,1,1],
		"lifetimeJitter":[0.333333,0.333333,0.666667,0.666667,0,0],
		"mass":1,
		"spawnPointOffset":{"z":-0.5},
		"gravity":[0.333333,0.333333,0.666667,0.666667,[0,0,0],[0,0,0]],
		"components":[
			{
				"__class":"SpawnRate",
				"duration":0.3,
				"spawnRate":[0.333333,0.333333,0.666667,0.666667,80,80],
				"spawnRateJitter":[0.333333,0.333333,0.666667,0.666667,0,0]
			},
			{"__class":"Deceleration","deceleration":[0.33333334,0.33333334,0.6666667,0.6666667,[0.16666667,0.16666667,0.16666667],[0.16666667,0.16666667,0.16666667]]},
			{
				"__class":"SpawnCone",
				"direction":[0.33333334,0.33333334,0.6666667,0.6666667,[0,0,1],[0,0,1]],
				"directionJitterAngle":[0.33333334,0.33333334,0.6666667,0.6666667,0,0],
				"velocity":[0.33333334,0.33333334,0.6666667,0.6666667,1.6666667,1.6666667],
				"velocityJitter":[0.33333334,0.33333334,0.6666667,0.6666667,0,0]
			}
		]
	},
	"render":{
		"globalScale":0.011666667,
		"scale":[0,1.2109375,0.948125,0.9884374,0,1],
		"scaleJitter":[0.33333334,0.33333334,0.6666667,0.6666667,0,0],
		"color":[0.333333,0.333333,0.666667,0.666667,[1,1,0.5],[1,1,0.5]],
		"alpha":[0.921875,0.028124988,0.1484375,0.984375,1,1],
		"angle":[0.333333,0.333333,0.666667,0.666667,0,0],
		"angleJitter":[0.333333,0.333333,0.666667,0.666667,0,0],
		"rotationSpeed":[0.333333,0.333333,0.666667,0.666667,0,0],
		"rotationSpeedJitter":[0.333333,0.333333,0.666667,0.666667,0,0],
		"tailLength":[0.333333,0.333333,0.666667,0.666667,0,0],
		"tailLengthJitter":[0.333333,0.333333,0.666667,0.666667,0,0],
		"alphaFadeout":0.2,
		"trailWidth":[0.33333334,0.33333334,0.6666667,0.6666667,1,1],
		"blendMode":2,
		"billboardAlign":2
	},
	"movieclip":["sc/effects/bd_hero_ring | 49e9c85e-839e-4498-87a2-5df2bd25a786"]
}