{
	"emitterDataVersion":6,
	"emitter":{
		"maxParticleCount":10,
		"emitterDelay":1,
		"lifetime":[0.33333334,0.33333334,0.6666667,0.6666667,2,2],
		"lifetimeJitter":[0.33333334,0.33333334,0.6666667,0.6666667,1,1],
		"mass":1,
		"spawnPointOffset":{},
		"gravity":[0.33333334,0.33333334,0.6666667,0.6666667,[0,0,8.333334],[0,0,8.333334]],
		"components":[
			{
				"__class":"SpawnRate",
				"infinite":true,
				"duration":0.4,
				"spawnRate":[0.33333334,0.33333334,0.6666667,0.6666667,20,20],
				"spawnRateJitter":[0.33333334,0.33333334,0.6666667,0.6666667,3,3]
			},
			{
				"__class":"SpawnLocation",
				"spawnShape":1,
				"spawnMinSize":[0.33333334,0.33333334,0.6666667,0.6666667,0.5,0.5],
				"spawnMaxSize":[0.33333334,0.33333334,0.6666667,0.6666667,0.5,0.5]
			},
			{"__class":"Deceleration","deceleration":[0.33333334,0.33333334,0.6666667,0.6666667,[0,0,8.333334],[0,0,8.333334]]}
		]
	},
	"render":{
		"globalScale":0.016666668,
		"scale":[0.16927087,0.25520837,0.4453125,0.88541675,0.3,0.3],
		"scaleJitter":[0.33333334,0.33333334,0.6666667,0.6666667,0.2,0.2],
		"color":[0.33333334,0.33333334,0.6666667,0.6666667,[1,1,1],[1,1,1]],
		"alpha":[0.33333334,0.33333334,0.6666667,0.6666667,1,0.5],
		"angle":[0.33333334,0.33333334,0.6666667,0.6666667,90,90],
		"angleJitter":[0.33333334,0.33333334,0.6666667,0.6666667,0,0],
		"rotationSpeed":[0.33333334,0.33333334,0.6666667,0.6666667,0,0],
		"rotationSpeedJitter":[0.33333334,0.33333334,0.6666667,0.6666667,0,0],
		"tailLength":[0.33333334,0.33333334,0.6666667,0.6666667,0,0],
		"tailLengthJitter":[0.33333334,0.33333334,0.6666667,0.6666667,0,0],
		"alphaFadeout":0.8,
		"trailEnabled":true,
		"trailDuration":1,
		"trailWidth":[0.33333334,0.33333334,0.6666667,0.6666667,1,1],
		"blendMode":2,
		"billboardAlign":1
	},
	"movieclip":["sc/effects/projectile_speed_line_gold | 49e9c85e-1826-4139-a958-6d4fa70ce7cc","sc/effects/bd_golden_point | 49e9c85e-ac5b-4f7f-8d71-d5f4480b7d9e"]
}