{
	"emitterDataVersion":6,
	"emitter":{
		"maxParticleCount":2,
		"lifetime":[0.333333,0.333333,0.666667,0.666667,1,1],
		"lifetimeJitter":[0.333333,0.333333,0.666667,0.666667,0,0],
		"mass":1,
		"spawnPointOffset":{},
		"gravity":[0.333333,0.333333,0.666667,0.666667,[0,0,1.6666667],[0,0,1.6666667]],
		"followEmitter":true,
		"components":[
			{
				"__class":"SpawnRate",
				"duration":0.1,
				"spawnRate":[0.333333,0.333333,0.666667,0.666667,10,10],
				"spawnRateJitter":[0.333333,0.333333,0.666667,0.666667,0,0]
			},
			{"__class":"SpawnLocation","spawnMinSize":[0.333333,0.333333,0.666667,0.666667,0,0],"spawnMaxSize":[0.333333,0.333333,0.666667,0.666667,0,0]}
		]
	},
	"render":{
		"globalScale":0.0013333334,
		"scale":[0.33333334,0.33333334,0.6666667,0.6666667,1,0],
		"scaleJitter":[0.33333334,0.33333334,0.6666667,0.6666667,0,0],
		"color":[0.33333334,0.33333334,0.6666667,0.6666667,[1,1,1],[1,1,1]],
		"alpha":[0.333333,0.333333,0.666667,0.666667,1,1],
		"angle":[0.333333,0.333333,0.666667,0.666667,0,0],
		"angleJitter":[0.333333,0.333333,0.666667,0.666667,0,0],
		"rotationSpeed":[0.333333,0.333333,0.666667,0.666667,0,0],
		"rotationSpeedJitter":[0.333333,0.333333,0.666667,0.666667,0,0],
		"tailLength":[0.333333,0.333333,0.666667,0.666667,0,0],
		"tailLengthJitter":[0.333333,0.333333,0.666667,0.666667,0,0],
		"trailEnabled":true,
		"trailDuration":0.5,
		"trailWidth":10,
		"trailHeadOrTails":true,
		"trailImage":"image/trail_blue.png#premultiply"
	},
	"movieclip":["sc/effects/bd_point_blur_01 | 49e9c85e-e997-4050-af52-06e49ec1aa08"]
}