{
	"emitterDataVersion":6,
	"emitter":{
		"maxParticleCount":1,
		"lifetime":[0.333333,0.333333,0.666667,0.666667,1,1],
		"lifetimeJitter":[0.333333,0.333333,0.666667,0.666667,0,0],
		"mass":1,
		"spawnPointOffset":{},
		"gravity":[0.333333,0.333333,0.666667,0.666667,[0,0,0],[0,0,0]],
		"components":[
			{
				"__class":"SpawnRate",
				"duration":0.1,
				"spawnRate":[0.333333,0.333333,0.666667,0.666667,20,20],
				"spawnRateJitter":[0.333333,0.333333,0.666667,0.666667,0,0]
			},
			{"__class":"SpawnLocation","spawnMinSize":[0.333333,0.333333,0.666667,0.666667,0,0],"spawnMaxSize":[0.333333,0.333333,0.666667,0.666667,0,0]}
		]
	},
	"render":{
		"globalScale":0.01,
		"scale":[0.33333334,0.33333334,0.6666667,0.6666667,1,1],
		"scaleJitter":[0.33333334,0.33333334,0.6666667,0.6666667,0,0],
		"color":[0.33333334,0.33333334,0.6666667,0.6666667,[0.5,1,1],[0,0,1]],
		"alpha":[0.333333,0.333333,0.666667,0.666667,1,1],
		"angle":[0.333333,0.333333,0.666667,0.666667,0,0],
		"angleJitter":[0.333333,0.333333,0.666667,0.666667,0,0],
		"rotationSpeed":[0.333333,0.333333,0.666667,0.666667,300,300],
		"rotationSpeedJitter":[0.333333,0.333333,0.666667,0.666667,0,0],
		"tailLength":[0.333333,0.333333,0.666667,0.666667,0,0],
		"tailLengthJitter":[0.333333,0.333333,0.666667,0.666667,0,0],
		"trailDuration":1,
		"trailWidth":[0.33333334,0.33333334,0.6666667,0.6666667,0,0]
	},
	"movieclip":["sc/effects/fx_blink_common_02 | 49e9c85e-f1f5-4421-9bc7-8fdec37aa0af"]
}