{
	"emitterDataVersion":6,
	"emitter":{
		"maxParticleCount":3,
		"lifetime":[0.33333334,0.33333334,0.6666667,0.6666667,0.3,0.3],
		"lifetimeJitter":[0.33333334,0.33333334,0.6666667,0.6666667,0,0],
		"mass":1,
		"spawnPointOffset":{},
		"gravity":[0.33333334,0.33333334,0.6666667,0.6666667,[0,0,-16.666668],[0,0,-16.666668]],
		"components":[
			{
				"__class":"SpawnRate",
				"duration":0.1,
				"spawnRate":[0.33333334,0.33333334,0.6666667,0.6666667,50,50],
				"spawnRateJitter":[0.33333334,0.33333334,0.6666667,0.6666667,0,0]
			},
			{"__class":"SpawnLocation","spawnMinSize":[0.33333334,0.33333334,0.6666667,0.6666667,0.33333334,0.33333334],"spawnMaxSize":[0.33333334,0.33333334,0.6666667,0.6666667,0.5,0.5]},
			{
				"__class":"SpawnCone",
				"direction":[0.33333334,0.33333334,0.6666667,0.6666667,[0,0,1],[0,0,1]],
				"directionJitterAngle":[0.33333334,0.33333334,0.6666667,0.6666667,90,90],
				"velocity":[0.33333334,0.33333334,0.6666667,0.6666667,10,10],
				"velocityJitter":[0.33333334,0.33333334,0.6666667,0.6666667,0.16666667,0.16666667]
			},
			{"__class":"Deceleration","deceleration":[0.33333334,0.33333334,0.6666667,0.6666667,[33.333336,33.333336,33.333336],[33.333336,33.333336,33.333336]]}
		]
	},
	"render":{
		"globalScale":0.0033333334,
		"scale":[0.359375,0.34114587,0.6822917,0.9557292,1,0.2],
		"scaleJitter":[0.33333334,0.33333334,0.6666667,0.6666667,0.5,0],
		"color":[0.33333334,0.33333334,0.6666667,0.6666667,[1,1,1],[1,1,1]],
		"alpha":[0.33333334,0.33333334,0.6666667,0.6666667,1,1],
		"angle":[0.33333334,0.33333334,0.6666667,0.6666667,0,0],
		"angleJitter":[0.33333334,0.33333334,0.6666667,0.6666667,0,0],
		"rotationSpeed":[0.33333334,0.33333334,0.6666667,0.6666667,0,0],
		"rotationSpeedJitter":[0.33333334,0.33333334,0.6666667,0.6666667,200,200],
		"tailLength":[0.33333334,0.33333334,0.6666667,0.6666667,0,0],
		"tailLengthJitter":[0.33333334,0.33333334,0.6666667,0.6666667,0,0],
		"loopMovieClip":true,
		"alphaFadeout":0.1,
		"trailWidth":[0.33333334,0.33333334,0.6666667,0.6666667,1,1]
	},
	"movieclip":["sc/effects/ice | 49e9c85e-8a7b-46ed-836d-e4cd686cab93"]
}