{
	"emitterDataVersion":6,
	"emitter":{
		"maxParticleCount":2,
		"lifetime":[0.33333334,0.33333334,0.6666667,0.6666667,1.5,1.5],
		"lifetimeJitter":[0.33333334,0.33333334,0.6666667,0.6666667,0,0],
		"mass":1,
		"spawnPointOffset":{},
		"gravity":[0.33333334,0.33333334,0.6666667,0.6666667,[0,0,0],[0,0,0]],
		"components":[
			{
				"__class":"SpawnRate",
				"duration":0.2,
				"spawnRate":[0.33333334,0.33333334,0.6666667,0.6666667,2,2],
				"spawnRateJitter":[0.33333334,0.33333334,0.6666667,0.6666667,0,0]
			},
			{
				"__class":"SpawnLocation",
				"spawnShape":2,
				"spawnMinSize":[0.33333334,0.33333334,0.6666667,0.6666667,0,0],
				"spawnMaxSize":[0.33333334,0.33333334,0.6666667,0.6666667,0.16666667,0.16666667]
			}
		]
	},
	"render":{
		"globalScale":0.005,
		"scale":[0,0.8098959,0.21354169,0.9713542,0.5,2],
		"scaleJitter":[0.33333334,0.33333334,0.6666667,0.6666667,0.5,0.5],
		"color":[0.33333334,0.33333334,0.6666667,0.6666667,[0.5,1,1],[1,1,1]],
		"alpha":[0.028645873,0.5833334,0.2916667,0.9713542,0.5,0],
		"angle":[0.33333334,0.33333334,0.6666667,0.6666667,0,0],
		"angleJitter":[0.33333334,0.33333334,0.6666667,0.6666667,0,0],
		"rotationSpeed":[0.33333334,0.33333334,0.6666667,0.6666667,0,0],
		"rotationSpeedJitter":[0.33333334,0.33333334,0.6666667,0.6666667,0,0],
		"tailLength":[0.33333334,0.33333334,0.6666667,0.6666667,0,0],
		"tailLengthJitter":[0.33333334,0.33333334,0.6666667,0.6666667,0,0],
		"loopMovieClip":true,
		"trailWidth":[0.33333334,0.33333334,0.6666667,0.6666667,1,1]
	},
	"movieclip":["sc/effects/bd_point_blur_01 | 49e9c85e-e997-4050-af52-06e49ec1aa08"]
}