{
	"emitterDataVersion":6,
	"emitter":{
		"maxParticleCount":200,
		"lifetime":[0.333333,0.333333,0.666667,0.666667,0.15,0.15],
		"lifetimeJitter":[0.333333,0.333333,0.666667,0.666667,0,0],
		"mass":1,
		"spawnPointOffset":{},
		"gravity":[0.333333,0.333333,0.666667,0.666667,[0,0,0],[0,0,0]],
		"components":[
			{
				"__class":"SpawnRate",
				"infinite":true,
				"spawnRate":[0.333333,0.333333,0.666667,0.666667,20,20],
				"spawnRateJitter":[0.333333,0.333333,0.666667,0.666667,0,0]
			},
			{
				"__class":"SpawnLocation",
				"spawnShape":2,
				"spawnMinSize":[0.333333,0.333333,0.666667,0.666667,0.16666667,0.16666667],
				"spawnMaxSize":[0.333333,0.333333,0.666667,0.666667,0.16666667,0.16666667]
			}
		]
	},
	"render":{
		"globalScale":0.0016666667,
		"scale":[0.2265625,0.21614587,0.65625,0.6510417,1,0.5],
		"scaleJitter":[0.33333334,0.33333334,0.6666667,0.6666667,0,0],
		"color":[0.33333334,0.33333334,0.6666667,0.6666667,[0.2,1,1],[0.5,1,1]],
		"alpha":[0.333333,0.333333,0.666667,0.666667,1,1],
		"angle":[0.333333,0.333333,0.666667,0.666667,0,0],
		"angleJitter":[0.333333,0.333333,0.666667,0.666667,0,0],
		"rotationSpeed":[0.333333,0.333333,0.666667,0.666667,300,300],
		"rotationSpeedJitter":[0.333333,0.333333,0.666667,0.666667,0,0],
		"tailLength":[0.333333,0.333333,0.666667,0.666667,0,0],
		"tailLengthJitter":[0.333333,0.333333,0.666667,0.666667,0,0],
		"alphaFadeout":0.1,
		"trailWidth":[0.33333334,0.33333334,0.6666667,0.6666667,0,0]
	},
	"movieclip":["sc/effects/bd_point_blur_01 | 49e9c85e-e997-4050-af52-06e49ec1aa08"]
}