{
	"emitterDataVersion":6,
	"emitter":{
		"maxParticleCount":5,
		"lifetime":[0.33333334,0.33333334,0.6666667,0.6666667,0.8,0.8],
		"lifetimeJitter":[0.33333334,0.33333334,0.6666667,0.6666667,0.3,0.3],
		"mass":1,
		"spawnPointOffset":{},
		"gravity":[0.33333334,0.33333334,0.6666667,0.6666667,[0,0,0],[0,0,0]],
		"components":[
			{
				"__class":"SpawnRate",
				"duration":0.1,
				"spawnRate":[0.33333334,0.33333334,0.6666667,0.6666667,1000,1000],
				"spawnRateJitter":[0.33333334,0.33333334,0.6666667,0.6666667,0,0]
			},
			{"__class":"Deceleration","deceleration":[0.33333334,0.33333334,0.6666667,0.6666667,[33.333336,33.333336,33.333336],[33.333336,33.333336,33.333336]]},
			{
				"__class":"SpawnPlanar",
				"spawnMinSize":[0.33333334,0.33333334,0.6666667,0.6666667,0,0],
				"spawnMaxSize":[0.33333334,0.33333334,0.6666667,0.6666667,0,0],
				"minAngle":[0.33333334,0.33333334,0.6666667,0.6666667,0,0],
				"maxAngle":[0.33333334,0.33333334,0.6666667,0.6666667,360,360],
				"minSpeedXY":[0.33333334,0.33333334,0.6666667,0.6666667,1.6666667,1.6666667],
				"maxSpeedXY":[0.33333334,0.33333334,0.6666667,0.6666667,8.333334,8.333334],
				"minSpeedZ":[0.33333334,0.33333334,0.6666667,0.6666667,3.3333335,3.3333335],
				"maxSpeedZ":[0.33333334,0.33333334,0.6666667,0.6666667,5,5]
			}
		]
	},
	"render":{
		"globalScale":0.016666668,
		"scale":[0.5442709,0.09895834,0.7838542,0.4635417,0.1,0],
		"scaleJitter":[0.33333334,0.33333334,0.6666667,0.6666667,0,0],
		"color":[0.33333334,0.33333334,0.6666667,0.6666667,[1,1,1],[1,1,1]],
		"alpha":[0.33333334,0.33333334,0.6666667,0.6666667,1,1],
		"angle":[0.33333334,0.33333334,0.6666667,0.6666667,0,0],
		"angleJitter":[0.33333334,0.33333334,0.6666667,0.6666667,20,20],
		"rotationSpeed":[0.33333334,0.33333334,0.6666667,0.6666667,100,100],
		"rotationSpeedJitter":[0.33333334,0.33333334,0.6666667,0.6666667,2,2],
		"tailLength":[0.33333334,0.33333334,0.6666667,0.6666667,0,0],
		"tailLengthJitter":[0.33333334,0.33333334,0.6666667,0.6666667,0,0],
		"loopMovieClip":true,
		"alphaFadeout":0.1,
		"trailEnabled":true,
		"trailDuration":1,
		"trailWidth":[0.33333334,0.33333334,0.6666667,0.6666667,1,1],
		"blendMode":2,
		"billboardAlign":1
	},
	"movieclip":["sc/effects/bd_star | 49e9c85e-db67-42cf-96cc-27c21d190ca9"]
}