{
	"emitterDataVersion":6,
	"emitter":{
		"maxParticleCount":15,
		"lifetime":[0.33333334,0.33333334,0.6666667,0.6666667,1.5,1.5],
		"lifetimeJitter":[0.33333334,0.33333334,0.6666667,0.6666667,0,0],
		"mass":1,
		"spawnPointOffset":{"z":0.33333334},
		"gravity":[0.33333334,0.33333334,0.6666667,0.6666667,[0,0,0],[0,0,0]],
		"components":[
			{
				"__class":"SpawnRate",
				"duration":1,
				"spawnRate":[0.33333334,0.33333334,0.6666667,0.6666667,1000,1000],
				"spawnRateJitter":[0.33333334,0.33333334,0.6666667,0.6666667,0,0]
			},
			{"__class":"Deceleration","deceleration":[0.5598959,0.06770834,0.8697917,0.4322917,[183.33334,183.33334,183.33334],[1.6666667,1.6666667,1.6666667]]},
			{
				"__class":"SpawnPlanar",
				"spawnMinSize":[0.33333334,0.33333334,0.6666667,0.6666667,0,0],
				"spawnMaxSize":[0.33333334,0.33333334,0.6666667,0.6666667,0,0],
				"minAngle":[0.33333334,0.33333334,0.6666667,0.6666667,360,360],
				"maxAngle":[0.33333334,0.33333334,0.6666667,0.6666667,0,0],
				"minSpeedXY":[0.33333334,0.33333334,0.6666667,0.6666667,16.666668,16.666668],
				"maxSpeedXY":[0.33333334,0.33333334,0.6666667,0.6666667,16.666668,16.666668],
				"minSpeedZ":[0.33333334,0.33333334,0.6666667,0.6666667,0,0],
				"maxSpeedZ":[0.33333334,0.33333334,0.6666667,0.6666667,0,0],
				"randomAngle":true
			}
		]
	},
	"render":{
		"globalScale":0.016666668,
		"scale":[0.005208373,0.48958337,0.46875,0.6901042,1.2,0],
		"scaleJitter":[0.5703125,0.16145837,0.7890625,0.6510417,0.2,0],
		"color":[0.33333334,0.33333334,0.6666667,0.6666667,[1,1,1],[1,1,1]],
		"alpha":[0.33333334,0.33333334,0.6666667,0.6666667,1,1],
		"angle":[0.33333334,0.33333334,0.6666667,0.6666667,0,0],
		"angleJitter":[0.33333334,0.33333334,0.6666667,0.6666667,0,0],
		"rotationSpeed":[0.33333334,0.33333334,0.6666667,0.6666667,0,0],
		"rotationSpeedJitter":[0.33333334,0.33333334,0.6666667,0.6666667,0,0],
		"tailLength":[0.33333334,0.33333334,0.6666667,0.6666667,0,0],
		"tailLengthJitter":[0.33333334,0.33333334,0.6666667,0.6666667,0,0],
		"loopMovieClip":true,
		"alphaFadeout":0.5,
		"trailEnabled":true,
		"trailDuration":1,
		"trailWidth":[0.33333334,0.33333334,0.6666667,0.6666667,1,1]
	},
	"movieclip":["sc/effects/cloud_03 | 49e9c85e-f7c6-472a-8fbd-22a364a62988","sc/effects/cloud_01 | 49e9c85e-e0fa-40e2-8d06-6344ebcaed15","sc/effects/cloud_02 | 49e9c85e-d671-4d2c-bce4-a50f4d74a74f"]
}