{
	"emitterDataVersion":6,
	"emitter":{
		"maxParticleCount":1,
		"lifetime":[0.33333334,0.33333334,0.6666667,0.6666667,2,2],
		"lifetimeJitter":[0.33333334,0.33333334,0.6666667,0.6666667,0,0],
		"mass":1,
		"spawnPointOffset":{},
		"gravity":[0.33333334,0.33333334,0.6666667,0.6666667,[0,0,-25],[0,0,-25]],
		"followEmitter":true,
		"components":[
			{
				"__class":"SpawnRate",
				"duration":2,
				"spawnRate":[0.33333334,0.33333334,0.6666667,0.6666667,1,1],
				"spawnRateJitter":[0.33333334,0.33333334,0.6666667,0.6666667,0,0]
			},
			{"__class":"SpawnLocation","spawnMinSize":[0.33333334,0.33333334,0.6666667,0.6666667,0,0],"spawnMaxSize":[0.33333334,0.33333334,0.6666667,0.6666667,0,0]}
		]
	},
	"render":{
		"globalScale":0.0016666667,
		"scale":[0.33333334,0.33333334,0.6666667,0.6666667,1,1],
		"scaleJitter":[0.33333334,0.33333334,0.6666667,0.6666667,0,0],
		"color":[0.33333334,0.33333334,0.6666667,0.6666667,[1,1,1],[1,1,1]],
		"alpha":[0.33333334,0.33333334,0.6666667,0.6666667,1,1],
		"angle":[0.33333334,0.33333334,0.6666667,0.6666667,0,0],
		"angleJitter":[0.33333334,0.33333334,0.6666667,0.6666667,0,0],
		"rotationSpeed":[0.33333334,0.33333334,0.6666667,0.6666667,0,0],
		"rotationSpeedJitter":[0.33333334,0.33333334,0.6666667,0.6666667,0,0],
		"tailLength":[0.33333334,0.33333334,0.6666667,0.6666667,0,0],
		"tailLengthJitter":[0.33333334,0.33333334,0.6666667,0.6666667,0,0],
		"loopMovieClip":true,
		"trailEnabled":true,
		"trailDuration":0.4,
		"trailWidth":[0.33333334,0.33333334,0.6666667,0.6666667,120,120],
		"trailHeadOrTails":true
	},
	"movieclip":["sc/effects/flag_golden_icon | 49e9c85e-b745-47be-a1e1-72ce6c77532d"]
}