{
	"emitterDataVersion":6,
	"emitter":{
		"maxParticleCount":200,
		"lifetime":[0.33333334,0.33333334,0.6666667,0.6666667,0.6,0.6],
		"lifetimeJitter":[0.33333334,0.33333334,0.6666667,0.6666667,0.1,0.1],
		"mass":1,
		"spawnPointOffset":{"z":0.33333334},
		"gravity":[0.33333334,0.33333334,0.6666667,0.6666667,[0,0,0],[0,0,0]],
		"components":[
			{
				"__class":"SpawnRate",
				"infinite":true,
				"spawnRate":[0.33333334,0.33333334,0.6666667,0.6666667,50,50],
				"spawnRateJitter":[0.33333334,0.33333334,0.6666667,0.6666667,0,0]
			},
			{
				"__class":"SpawnLocation",
				"spawnShape":2,
				"spawnMinSize":[0.33333334,0.33333334,0.6666667,0.6666667,0,0],
				"spawnMaxSize":[0.33333334,0.33333334,0.6666667,0.6666667,0.083333336,0.083333336]
			},
			{
				"__class":"SpawnCone",
				"direction":[0.33333334,0.33333334,0.6666667,0.6666667,[0,0,1],[0,0,1]],
				"directionJitterAngle":[0.33333334,0.33333334,0.6666667,0.6666667,30,30],
				"velocity":[0.33333334,0.33333334,0.6666667,0.6666667,0.33333334,0.33333334],
				"velocityJitter":[0.33333334,0.33333334,0.6666667,0.6666667,0,0]
			}
		]
	},
	"render":{
		"globalScale":0.01,
		"scale":[0.45833334,0.06770834,0.8151042,0.5182292,1,0],
		"scaleJitter":[0.33333334,0.33333334,0.6666667,0.6666667,0.5,0],
		"color":[0.33333334,0.33333334,0.6666667,0.6666667,[1,1,1],[1,1,1]],
		"alpha":[0.6145834,-0.010416657,0.9322917,0.4557292,1,1],
		"angle":[0.33333334,0.33333334,0.6666667,0.6666667,0,0],
		"angleJitter":[0.33333334,0.33333334,0.6666667,0.6666667,0,0],
		"rotationSpeed":[0.33333334,0.33333334,0.6666667,0.6666667,0,0],
		"rotationSpeedJitter":[0.33333334,0.33333334,0.6666667,0.6666667,0,0],
		"tailLength":[0.33333334,0.33333334,0.6666667,0.6666667,0,0],
		"tailLengthJitter":[0.33333334,0.33333334,0.6666667,0.6666667,0,0],
		"alphaFadeout":0.1,
		"trailEnabled":true,
		"trailDuration":0.1,
		"trailWidth":[0.33333334,0.33333334,0.6666667,0.6666667,0,0]
	},
	"movieclip":["sc/effects/cloud_01 | 49e9c85e-e0fa-40e2-8d06-6344ebcaed15","sc/effects/cloud_02 | 49e9c85e-d671-4d2c-bce4-a50f4d74a74f","sc/effects/cloud_03 | 49e9c85e-f7c6-472a-8fbd-22a364a62988"]
}