{
	"emitterDataVersion":6,
	"emitter":{
		"maxParticleCount":200,
		"lifetime":[0.33333334,0.33333334,0.6666667,0.6666667,0.6,0.6],
		"lifetimeJitter":[0.33333334,0.33333334,0.6666667,0.6666667,0,0],
		"mass":1,
		"spawnPointOffset":{"z":0.5},
		"gravity":[0.33333334,0.33333334,0.6666667,0.6666667,[0,0,0],[0,0,0]],
		"components":[
			{
				"__class":"SpawnRate",
				"infinite":true,
				"duration":4,
				"spawnRate":[0.33333334,0.33333334,0.6666667,0.6666667,40,40],
				"spawnRateJitter":[0.33333334,0.33333334,0.6666667,0.6666667,0,0]
			},
			{
				"__class":"SpawnLocation",
				"spawnShape":2,
				"spawnMinSize":[0.33333334,0.33333334,0.6666667,0.6666667,0.33333334,0.33333334],
				"spawnMaxSize":[0.33333334,0.33333334,0.6666667,0.6666667,0.5,0.5]
			}
		]
	},
	"render":{
		"globalScale":0.0025,
		"scale":[0,-3.6354165,0,-1.5520833,1,0],
		"scaleJitter":[0.14583337,-2.502604,0,-1.7864583,0,0],
		"color":[0.33333334,0.33333334,0.6666667,0.6666667,[1,1,1],[1,1,1]],
		"alpha":[0.33333334,0.33333334,0.6666667,0.6666667,0.8,0.8],
		"angle":[0.33333334,0.33333334,0.6666667,0.6666667,0,0],
		"angleJitter":[0.33333334,0.33333334,0.6666667,0.6666667,0,0],
		"rotationSpeed":[0.33333334,0.33333334,0.6666667,0.6666667,0,0],
		"rotationSpeedJitter":[0.33333334,0.33333334,0.6666667,0.6666667,100,100],
		"tailLength":[0.33333334,0.33333334,0.6666667,0.6666667,0,0],
		"tailLengthJitter":[0.33333334,0.33333334,0.6666667,0.6666667,0,0],
		"loopMovieClip":true,
		"alphaFadeout":0.1,
		"trailWidth":[0.33333334,0.33333334,0.6666667,0.6666667,1,1]
	},
	"movieclip":["sc/effects/fx_twinkle_blue_add | 49e9c85e-29f4-4a87-9af4-9065f3af77ba","sc/effects/fx_twinkle_orange_add | 49e9c85e-217e-42d6-8347-ac46614b4ce0","sc/effects/fx_twinkle_purple_add | 49e9c85e-00a3-4e97-b61e-e5c30cf56f72","sc/effects/fx_twinkle_pink_add | 49e9c85e-4dd9-498b-bb6c-ffe9576ec24c"]
}