{
	"emitterDataVersion":6,
	"emitter":{
		"maxParticleCount":100,
		"lifetime":[0.33333334,0.33333334,0.6666667,0.6666667,0.3,0.3],
		"lifetimeJitter":[0.33333334,0.33333334,0.6666667,0.6666667,0,0],
		"mass":1,
		"spawnPointOffset":{"z":0.5},
		"gravity":[0.33333334,0.33333334,0.6666667,0.6666667,[0,0,0],[0,0,0]],
		"components":[
			{
				"__class":"SpawnRate",
				"infinite":true,
				"spawnRate":[0.33333334,0.33333334,0.6666667,0.6666667,20,20],
				"spawnRateJitter":[0.33333334,0.33333334,0.6666667,0.6666667,0,0]
			},
			{
				"__class":"SpawnLocation",
				"spawnShape":2,
				"spawnMinSize":[0.33333334,0.33333334,0.6666667,0.6666667,0.43333334,0.43333334],
				"spawnMaxSize":[0.33333334,0.33333334,0.6666667,0.6666667,0.46666667,0.46666667]
			},
			{
				"__class":"SpawnVelocityComponent",
				"velocity":[0.33333334,0.33333334,0.6666667,0.6666667,[0,0,0],[0,0,0]],
				"velocityJitter":[0.33333334,0.33333334,0.6666667,0.6666667,[0,0,0],[0,0,0]]
			}
		]
	},
	"render":{
		"globalScale":0.0016666667,
		"scale":[0.33333334,0.33333334,0.6666667,0.6666667,1.3,1.3],
		"scaleJitter":[0.33333334,0.33333334,0.6666667,0.6666667,0,0],
		"color":[0.33333334,0.33333334,0.6666667,0.6666667,[1,1,1],[1,1,0.6]],
		"alpha":[0.33333334,0.33333334,0.6666667,0.6666667,1,1],
		"angle":[0.33333334,0.33333334,0.6666667,0.6666667,90,90],
		"angleJitter":[0.33333334,0.33333334,0.6666667,0.6666667,0,0],
		"rotationSpeed":[0.33333334,0.33333334,0.6666667,0.6666667,0,0],
		"rotationSpeedJitter":[0.33333334,0.33333334,0.6666667,0.6666667,0,0],
		"tailLength":[0.33333334,0.33333334,0.6666667,0.6666667,0,0],
		"tailLengthJitter":[0.33333334,0.33333334,0.6666667,0.6666667,0,0],
		"loopMovieClip":true,
		"trailEnabled":true,
		"trailDuration":1,
		"trailWidth":[0.33333334,0.33333334,0.6666667,0.6666667,1,1],
		"billboardAlign":2
	},
	"movieclip":["sc/effects/bd_speedline | 49e9c85e-347e-4e3b-b9e7-92ae1c0e3460"]
}