{
	"emitterDataVersion":6,
	"emitter":{
		"maxParticleCount":1,
		"lifetime":3,
		"mass":1,
		"spawnPointOffset":{},
		"components":[
			{"__class":"SpawnRate","infinite":true,"duration":0.1,"spawnRate":2,"spawnRateJitter":1},
			{"__class":"SpawnLocation","spawnMinSize":[0.33333334,0.33333334,0.6666667,0.6666667,0,0],"spawnMaxSize":[0.33333334,0.33333334,0.6666667,0.6666667,0,0]}
		]
	},
	"render":{
		"globalScale":0.016666668,
		"scale":[0.33333334,0.33333334,0.6666667,0.6666667,1,0.5],
		"scaleJitter":[0.33333334,0.33333334,0.6666667,0.6666667,0.2,0.2],
		"color":[1,0,0],
		"alpha":[0.25520834,0.18489584,0.0026041865,1.0182292,0,0.5],
		"rotationSpeedJitter":[0.33333334,0.33333334,0.6666667,0.6666667,0,0],
		"tailLength":[0.33333334,0.33333334,0.6666667,0.6666667,0,0],
		"tailLengthJitter":[0.33333334,0.33333334,0.6666667,0.6666667,0,0],
		"alphaFadeout":0.5,
		"trailEnabled":true,
		"trailDuration":0.1,
		"trailWidth":[0.33333334,0.33333334,0.6666667,0.6666667,0,0],
		"blendMode":2,
		"billboardAlign":2
	},
	"movieclip":["sc/effects/bd_point_blur_02 | 49e9c85e-3db7-4455-a28b-b9b3f5d092cb"]
}