{
	"emitterDataVersion":6,
	"emitter":{
		"maxParticleCount":5,
		"lifetime":[0.33333334,0.33333334,0.6666667,0.6666667,10,10],
		"lifetimeJitter":[0.33333334,0.33333334,0.6666667,0.6666667,0.2,0.2],
		"mass":1,
		"spawnPointOffset":{},
		"gravity":[0.33333334,0.33333334,0.6666667,0.6666667,[0,0,0],[0,0,0]],
		"components":[
			{
				"__class":"SpawnRate",
				"infinite":true,
				"spawnRate":[0.33333334,0.33333334,0.6666667,0.6666667,1,1],
				"spawnRateJitter":[0.33333334,0.33333334,0.6666667,0.6666667,0,0]
			},
			{
				"__class":"SpawnLocation",
				"spawnShape":1,
				"spawnMinSize":[0.33333334,0.33333334,0.6666667,0.6666667,0,0],
				"spawnMaxSize":[0.33333334,0.33333334,0.6666667,0.6666667,1.6666667,1.6666667]
			},
			{
				"__class":"SpawnVelocityComponent",
				"velocity":[0.33333334,0.33333334,0.6666667,0.6666667,[0,0,0.33333334],[0,0,0.33333334]],
				"velocityJitter":[0.33333334,0.33333334,0.6666667,0.6666667,[0,0,0.16666667],[0,0,0.16666667]]
			}
		]
	},
	"render":{
		"globalScale":0.0016666667,
		"scale":[0.33333334,0.33333334,0.6666667,0.6666667,1,0],
		"scaleJitter":[0.33333334,0.33333334,0.6666667,0.6666667,0,0],
		"color":[0.33333334,0.33333334,0.6666667,0.6666667,[1,0.5,1],[1,0,0.8]],
		"alpha":[0.10677084,0.5052084,0.3229167,0.9869792,0,1],
		"angle":[0.33333334,0.33333334,0.6666667,0.6666667,0,0],
		"angleJitter":[0.33333334,0.33333334,0.6666667,0.6666667,0,0],
		"rotationSpeed":[0.33333334,0.33333334,0.6666667,0.6666667,0,0],
		"rotationSpeedJitter":[0.33333334,0.33333334,0.6666667,0.6666667,0,0],
		"tailLength":[0.33333334,0.33333334,0.6666667,0.6666667,0,0],
		"tailLengthJitter":[0.33333334,0.33333334,0.6666667,0.6666667,0,0],
		"loopMovieClip":true,
		"alphaFadeout":1,
		"trailEnabled":true,
		"trailDuration":1,
		"trailWidth":[0.33333334,0.33333334,0.6666667,0.6666667,1,1]
	},
	"movieclip":["sc/effects/bd_point_blur_02 | 49e9c85e-3db7-4455-a28b-b9b3f5d092cb"]
}