{
	"emitterDataVersion":6,
	"emitter":{
		"maxParticleCount":30,
		"lifetime":0.5,
		"mass":1,
		"spawnPointOffset":{},
		"followEmitter":true,
		"components":[
			{"__class":"SpawnRate","duration":0.1,"spawnRate":0.3},
			{"__class":"SpawnLocation","spawnMinSize":[0.33333334,0.33333334,0.6666667,0.6666667,0.16666667,0],"spawnMaxSize":0.5},
			{"__class":"SpawnVelocityComponent","velocity":[0,0,16.666668]}
		]
	},
	"render":{
		"globalScale":0.033333335,
		"scale":[0.5833334,-1.5885416,0.6822917,-0.8098958,1,0.5],
		"color":[0.33333334,0.33333334,0.6666667,0.6666667,[0.8,1,1],[0.8,1,1]],
		"alpha":[0.33333334,0.33333334,0.6666667,0.6666667,1,0],
		"loopMovieClip":true,
		"alphaFadeout":0.2,
		"trailEnabled":true,
		"trailDuration":0.2,
		"trailWidth":20,
		"trailImage":"image/acy_royal_trail.png#premultiply",
		"blendMode":2
	},
	"movieclip":["sc/effects/bd_point_blur_02_cyan | 49e9c85e-ec6e-47f8-8151-f0594ae2aa0b"]
}