{
	"emitterDataVersion":6,
	"emitter":{
		"maxParticleCount":30,
		"lifetime":0.3,
		"mass":1,
		"spawnPointOffset":{},
		"gravity":[0.33333334,0.33333334,0.6666667,0.6666667,[0,0,0],[0,0,0]],
		"followEmitter":true,
		"components":[
			{"__class":"SpawnRate","duration":0.1,"spawnRate":0.3},
			{"__class":"SpawnLocation","spawnMinSize":[0.33333334,0.33333334,0.6666667,0.6666667,0.16666667,0],"spawnMaxSize":0.5},
			{
				"__class":"SpawnVelocityComponent",
				"velocity":[0.33333334,0.33333334,0.6666667,0.6666667,[0,0,3.3333335],[0,0,3.3333335]],
				"velocityJitter":[0.33333334,0.33333334,0.6666667,0.6666667,[0,0,0],[0,0,0]]
			}
		]
	},
	"render":{
		"globalScale":0.025000002,
		"scale":[0.28645834,-0.9947916,0.6119792,-0.09114581,0.5,0.1],
		"color":[0.8,1,0.5],
		"alpha":1,
		"loopMovieClip":true,
		"alphaFadeout":0.1,
		"trailEnabled":true,
		"trailDuration":0.2,
		"trailWidth":[0.33333334,0.33333334,0.6666667,0.6666667,40,0],
		"trailImage":"image/acy_royal_trail.png#premultiply",
		"blendMode":2
	},
	"movieclip":["sc/effects/bd_point_blur_02_cyan | 49e9c85e-ec6e-47f8-8151-f0594ae2aa0b"]
}