{
	"emitterDataVersion":6,
	"emitter":{
		"maxParticleCount":6,
		"lifetime":0.6,
		"lifetimeJitter":0.5,
		"mass":1,
		"spawnPointOffset":{},
		"components":[
			{"__class":"SpawnRate","duration":0.1,"spawnRate":200},
			{"__class":"SpawnCone","direction":[0,-1,0],"directionJitterAngle":60,"velocity":6.666667},
			{"__class":"Deceleration","deceleration":[8.333334,8.333334,8.333334]},
			{"__class":"CurlNoise","frequency":1,"strength":16.666668}
		]
	},
	"render":{
		"globalScale":0.033333335,
		"scale":[0,-4.143229,0.057291687,-0.6223958,0,0.1],
		"color":[0.33333334,0.33333334,0.6666667,0.6666667,[1,1,1],[1,0,0]],
		"alpha":[0.6927084,0.18489584,0.9557292,0.5104167,1,0],
		"trailDuration":1,
		"trailWidth":1,
		"blendMode":2
	},
	"movieclip":["sc/effects/back_stab_ember | 49e9c85e-ba28-4181-8ddf-1340376f31ae",""]
}