{
	"emitterDataVersion":6,
	"emitter":{
		"maxParticleCount":1,
		"lifetime":0.45,
		"mass":1,
		"spawnPointOffset":{"z":0.16666667},
		"gravity":[0.33333334,0.33333334,0.6666667,0.6666667,[0,0,0],[0,0,0]],
		"components":[
			{
				"__class":"SpawnRate",
				"duration":1,
				"spawnRate":[0.33333334,0.33333334,0.6666667,0.6666667,60,60],
				"spawnRateJitter":[0.33333334,0.33333334,0.6666667,0.6666667,0,0]
			},
			{"__class":"Ground","bounciness":[0.33333334,0.33333334,0.6666667,0.6666667,0,0],"friction":[0.33333334,0.33333334,0.6666667,0.6666667,0,0]}
		]
	},
	"render":{
		"globalScale":0.008333334,
		"scale":[0.013020843,0.7395834,0.4869792,0.88541675,1,4.5],
		"scaleJitter":[0.33333334,0.33333334,0.6666667,0.6666667,0,0],
		"color":[[0,1,1],[0,1,0]],
		"alpha":[0.359375,0.013020873,0,0.8307292,1,0],
		"angle":[0.33333334,0.33333334,0.6666667,0.6666667,0,0],
		"angleJitter":[0.33333334,0.33333334,0.6666667,0.6666667,0,0],
		"rotationSpeed":[0.33333334,0.33333334,0.6666667,0.6666667,0,0],
		"rotationSpeedJitter":[0.33333334,0.33333334,0.6666667,0.6666667,0,0],
		"tailLength":[0.33333334,0.33333334,0.6666667,0.6666667,0,0],
		"tailLengthJitter":[0.33333334,0.33333334,0.6666667,0.6666667,0,0],
		"trailEnabled":true,
		"trailDuration":1,
		"trailWidth":[0.33333334,0.33333334,0.6666667,0.6666667,1,1],
		"blendMode":2
	},
	"movieclip":["sc/effects/bd_radial_blur_01 | 49e9c85e-baae-4292-b9e5-f26995836b8b"]
}