{
	"emitterDataVersion":6,
	"emitter":{
		"maxParticleCount":100,
		"lifetime":0.4,
		"lifetimeJitter":0.2,
		"mass":1,
		"spawnPointOffset":{},
		"gravity":[0.33333334,0.33333334,0.6666667,0.6666667,[0,0,0],[0,0,0]],
		"components":[
			{"__class":"SpawnRate","infinite":true,"spawnRate":20},
			{"__class":"SpawnLocation","spawnShape":1,"spawnMinSize":0.2,"spawnMaxSize":0.1},
			{"__class":"SpawnVelocityComponent","velocity":[0,0,1],"velocityJitter":[0,0,0.5]}
		]
	},
	"render":{
		"globalScale":0.01,
		"scale":[1,-0.8854165,1,0.6354167,2,0.5],
		"scaleJitter":[0.33333334,0.33333334,0.6666667,0.6666667,0,0],
		"color":[0.2746875,0.609375,0.46375,0.9884375,[0.5,0.5,0.5],[0.5,0.5,0.45]],
		"alpha":[0.33333334,0.33333334,0.6666667,0.6666667,1,1],
		"angle":[0.33333334,0.33333334,0.6666667,0.6666667,0,0],
		"angleJitter":10,
		"rotationSpeed":[0.5677084,0.052083343,0.5625,0.8619792,10,0],
		"rotationSpeedJitter":[0.5833334,0.28645834,0.3541667,1.0026042,20,0],
		"tailLength":[0.33333334,0.33333334,0.6666667,0.6666667,0,0],
		"tailLengthJitter":[0.33333334,0.33333334,0.6666667,0.6666667,0,0],
		"alphaFadeout":0.2,
		"trailEnabled":true,
		"trailDuration":1,
		"trailWidth":[0.33333334,0.33333334,0.6666667,0.6666667,1,1]
	},
	"movieclip":["sc/effects/cloud_03 | 49e9c85e-f7c6-472a-8fbd-22a364a62988","sc/effects/cloud_01 | 49e9c85e-e0fa-40e2-8d06-6344ebcaed15","sc/effects/cloud_02 | 49e9c85e-d671-4d2c-bce4-a50f4d74a74f"]
}