{
	"emitterDataVersion":6,
	"emitter":{
		"maxParticleCount":1,
		"lifetime":1,
		"lifetimeJitter":[0.33333334,0.33333334,0.6666667,0.6666667,0,0],
		"mass":1,
		"spawnPointOffset":{},
		"gravity":[0.33333334,0.33333334,0.6666667,0.6666667,[0,0,-25],[0,0,-25]],
		"followEmitter":true,
		"components":[
			{"__class":"SpawnRate","duration":0.1,"spawnRate":1},
			{"__class":"SpawnLocation","spawnMinSize":[0.33333334,0.33333334,0.6666667,0.6666667,0,0],"spawnMaxSize":[0.33333334,0.33333334,0.6666667,0.6666667,0,0]}
		]
	},
	"render":{
		"globalScale":0.033333335,
		"scale":1,
		"scaleJitter":[0.33333334,0.33333334,0.6666667,0.6666667,0,0],
		"color":[0.33333334,0.33333334,0.6666667,0.6666667,[1,0.5,0],[1,0.5,0]],
		"alpha":1,
		"angle":[0.33333334,0.33333334,0.6666667,0.6666667,0,0],
		"angleJitter":[0.33333334,0.33333334,0.6666667,0.6666667,0,0],
		"rotationSpeed":[0.33333334,0.33333334,0.6666667,0.6666667,0,0],
		"rotationSpeedJitter":[0.33333334,0.33333334,0.6666667,0.6666667,0,0],
		"loopMovieClip":true,
		"alphaFadeout":0.2,
		"trailEnabled":true,
		"trailDuration":0.4,
		"trailWidth":[5,1],
		"trailHeadOrTails":true,
		"trailImage":"image/trail_blue.png#premultiply",
		"blendMode":2
	},
	"movieclip":["sc/effects/bd_point_blur_01_cyan_add | 49e9c85e-6c2b-40b1-90c6-04f9070e31df"]
}