{
	"emitterDataVersion":6,
	"emitter":{
		"maxParticleCount":100,
		"lifetime":1,
		"lifetimeJitter":0.5,
		"mass":1,
		"spawnPointOffset":{},
		"components":[
			{"__class":"SpawnRate","duration":2,"spawnRate":20,"spawnRateJitter":2},
			{"__class":"SpawnCone","direction":[0,-1,1],"directionJitterAngle":20,"velocity":1.6666667},
			{"__class":"CurlNoise","frequency":0.5,"strength":6.666667}
		]
	},
	"render":{
		"globalScale":0.0033333334,
		"scale":[0.33333334,0.33333334,0.6666667,0.6666667,1,0],
		"color":[0.37239584,0.17708334,0.11197919,0.9244792,[0.2,0.2,1],[0,0,1]],
		"alpha":[0.6927084,0.18489584,0.9557292,0.5104167,1,0],
		"alphaFadeout":0.2,
		"trailDuration":1,
		"trailWidth":1,
		"blendMode":2
	},
	"movieclip":["sc/effects/back_stab_ember | 49e9c85e-ba28-4181-8ddf-1340376f31ae",""]
}