{
	"emitterDataVersion":6,
	"emitter":{
		"maxParticleCount":20,
		"lifetime":[0.33333334,0.33333334,0.6666667,0.6666667,1,1],
		"lifetimeJitter":[0.33333334,0.33333334,0.6666667,0.6666667,0,0],
		"mass":1,
		"spawnPointOffset":{},
		"gravity":[0.33333334,0.33333334,0.6666667,0.6666667,[0,0,0],[0,0,0]],
		"components":[
			{
				"__class":"SpawnRate",
				"infinite":true,
				"spawnRate":[0.33333334,0.33333334,0.6666667,0.6666667,6,6],
				"spawnRateJitter":[0.33333334,0.33333334,0.6666667,0.6666667,0,0]
			},
			{
				"__class":"SpawnLocation",
				"spawnShape":1,
				"spawnMinSize":[0.33333334,0.33333334,0.6666667,0.6666667,0.16666667,0.16666667],
				"spawnMaxSize":[0.33333334,0.33333334,0.6666667,0.6666667,0.33333334,0.33333334]
			},
			{
				"__class":"SpawnVelocityComponent",
				"velocity":[0.33333334,0.33333334,0.6666667,0.6666667,[0,0,0.6666667],[0,0,0.6666667]],
				"velocityJitter":[0.33333334,0.33333334,0.6666667,0.6666667,[0,0,0],[0,0,0]]
			}
		]
	},
	"render":{
		"globalScale":0.008333334,
		"scale":[0.0625,0.48177087,0.23697919,0.9791667,1,0],
		"scaleJitter":[0.33333334,0.33333334,0.6666667,0.6666667,0.1,0.1],
		"color":[0.33333334,0.33333334,0.6666667,0.6666667,[2,2,2],[0,0,0]],
		"alpha":[0.33333334,0.33333334,0.6666667,0.6666667,1,1],
		"angle":[0.33333334,0.33333334,0.6666667,0.6666667,0,0],
		"angleJitter":[0.33333334,0.33333334,0.6666667,0.6666667,50,50],
		"rotationSpeed":[0.33333334,0.33333334,0.6666667,0.6666667,100,100],
		"rotationSpeedJitter":[0.33333334,0.33333334,0.6666667,0.6666667,20,20],
		"tailLength":[0.33333334,0.33333334,0.6666667,0.6666667,0,0],
		"tailLengthJitter":[0.33333334,0.33333334,0.6666667,0.6666667,0,0],
		"loopMovieClip":true,
		"alphaFadeout":0.1,
		"trailEnabled":true,
		"trailDuration":1,
		"trailWidth":[0.33333334,0.33333334,0.6666667,0.6666667,1,1]
	},
	"movieclip":["sc/effects/get_legend_spark1 | 49e9c85e-1759-4c52-80d1-b7e59911a403"]
}