{
	"emitterDataVersion":6,
	"emitter":{
		"maxParticleCount":10,
		"lifetime":0.2,
		"lifetimeJitter":0.05,
		"mass":1,
		"spawnPointOffset":{},
		"components":[
			{"__class":"SpawnRate","duration":0.1,"spawnRate":200},
			{"__class":"SpawnCone","direction":[0,-1,0],"directionJitterAngle":60,"velocity":8.333334},
			{"__class":"Deceleration","deceleration":[8.333334,8.333334,8.333334]}
		]
	},
	"render":{
		"globalScale":0.16666667,
		"scale":[0,-4.143229,0.057291687,-0.6223958,0.2,0],
		"color":[0.33333334,0.33333334,0.6666667,0.6666667,[1,1,1],[1,0,0]],
		"alpha":[0.6927084,0.18489584,0.9557292,0.5104167,1,0],
		"tailLength":[0.6223959,0.059895843,0,0.9791667,1,0],
		"trailDuration":1,
		"trailWidth":1,
		"blendMode":2
	},
	"movieclip":["sc/effects/bd_golden_point | 49e9c85e-ac5b-4f7f-8d71-d5f4480b7d9e",""]
}