{
	"emitterDataVersion":6,
	"emitter":{
		"maxParticleCount":100,
		"lifetime":[0.33333334,0.33333334,0.6666667,0.6666667,0.8,0.8],
		"lifetimeJitter":[0.33333334,0.33333334,0.6666667,0.6666667,0.1,0.1],
		"mass":1,
		"spawnPointOffset":{"z":0.5},
		"gravity":[0.33333334,0.33333334,0.6666667,0.6666667,[0,0,-30],[0,0,-30]],
		"components":[
			{
				"__class":"SpawnRate",
				"duration":0.05,
				"spawnRate":[0.33333334,0.33333334,0.6666667,0.6666667,80,80],
				"spawnRateJitter":[0.33333334,0.33333334,0.6666667,0.6666667,0,0]
			},
			{"__class":"SpawnLocation","spawnMinSize":[0.33333334,0.33333334,0.6666667,0.6666667,0,0],"spawnMaxSize":[0.33333334,0.33333334,0.6666667,0.6666667,0,0]},
			{
				"__class":"SpawnCone",
				"direction":[0.33333334,0.33333334,0.6666667,0.6666667,[0,0,1],[0,0,1]],
				"directionJitterAngle":[0.33333334,0.33333334,0.6666667,0.6666667,30,30],
				"velocity":[0.33333334,0.33333334,0.6666667,0.6666667,7.5,7.5],
				"velocityJitter":[0.33333334,0.33333334,0.6666667,0.6666667,1.6666667,1.6666667]
			},
			{"__class":"Ground","bounciness":[0.33333334,0.33333334,0.6666667,0.6666667,0.5,0.5],"friction":[0.33333334,0.33333334,0.6666667,0.6666667,0.2,0.2]}
		]
	},
	"render":{
		"globalScale":0.006666667,
		"scale":[0.5598959,0.12239584,0.7604167,0.4791667,1.2,0.5],
		"scaleJitter":[0.33333334,0.33333334,0.6666667,0.6666667,0.5,0],
		"color":[0.33333334,0.33333334,0.6666667,0.6666667,[1,1,1],[1,1,1]],
		"alpha":[0.33333334,0.33333334,0.6666667,0.6666667,1,1],
		"angle":[0.33333334,0.33333334,0.6666667,0.6666667,0,0],
		"angleJitter":[0.33333334,0.33333334,0.6666667,0.6666667,0,0],
		"rotationSpeed":[0.059895843,0.47395834,0.3385417,0.91666675,1000,0],
		"rotationSpeedJitter":[0.33333334,0.33333334,0.6666667,0.6666667,10,10],
		"tailLength":[0.33333334,0.33333334,0.6666667,0.6666667,0,0],
		"tailLengthJitter":[0.33333334,0.33333334,0.6666667,0.6666667,0,0],
		"alphaFadeout":0.2,
		"trailEnabled":true,
		"trailDuration":1,
		"trailWidth":[0.33333334,0.33333334,0.6666667,0.6666667,1,1]
	},
	"movieclip":["sc/effects/bd_snow_01 | 49e9c85e-1714-471c-9f2d-1d83fd240e26","sc/effects/bd_snow_02 | 49e9c85e-0950-44f2-bfa9-4d8fb8e984ff","sc/effects/bd_snow_03 | 49e9c85e-b98d-4369-97da-69af60f95f1c"]
}