{
	"emitterDataVersion":6,
	"emitter":{
		"maxParticleCount":100,
		"lifetime":0.4,
		"lifetimeJitter":0.2,
		"mass":1,
		"spawnPointOffset":{},
		"gravity":[0.33333334,0.33333334,0.6666667,0.6666667,[0,0,0],[0,0,0]],
		"components":[{"__class":"SpawnRate","infinite":true,"spawnRate":12},{"__class":"SpawnLocation","spawnShape":1},{"__class":"SpawnVelocityComponent"}]
	},
	"render":{
		"globalScale":0.01,
		"scale":[0.515625,-0.17447901,0.65625,0.6510417,2,0.2],
		"scaleJitter":[0.33333334,0.33333334,0.6666667,0.6666667,0,0],
		"color":[0.2746875,0.609375,0.46375,0.9884375,[0.5,0.5,0.67],[0.5,0.5,0.5]],
		"alpha":[0.33333334,0.33333334,0.6666667,0.6666667,1,1],
		"angle":[0.33333334,0.33333334,0.6666667,0.6666667,0,0],
		"angleJitter":50,
		"rotationSpeed":[0.5677084,0.052083343,0.5625,0.8619792,40,0],
		"rotationSpeedJitter":[0.5833334,0.28645834,0.3541667,1.0026042,40,0],
		"tailLength":[0.33333334,0.33333334,0.6666667,0.6666667,0,0],
		"tailLengthJitter":[0.33333334,0.33333334,0.6666667,0.6666667,0,0],
		"alphaFadeout":0.2,
		"trailEnabled":true,
		"trailDuration":1,
		"trailWidth":[0.33333334,0.33333334,0.6666667,0.6666667,1,1]
	},
	"movieclip":["sc/effects/cloud_01 | 49e9c85e-e0fa-40e2-8d06-6344ebcaed15","sc/effects/cloud_02 | 49e9c85e-d671-4d2c-bce4-a50f4d74a74f","sc/effects/cloud_03 | 49e9c85e-f7c6-472a-8fbd-22a364a62988"]
}