{
	"emitterDataVersion":6,
	"emitter":{
		"maxParticleCount":1,
		"lifetime":[0.33333334,0.33333334,0.6666667,0.6666667,10,10],
		"lifetimeJitter":[0.33333334,0.33333334,0.6666667,0.6666667,0,0],
		"mass":1,
		"spawnPointOffset":{},
		"gravity":[0.33333334,0.33333334,0.6666667,0.6666667,[0,0,0],[0,0,0]],
		"followEmitter":true,
		"components":[
			{
				"__class":"SpawnRate",
				"infinite":true,
				"spawnRate":[0.33333334,0.33333334,0.6666667,0.6666667,1,1],
				"spawnRateJitter":[0.33333334,0.33333334,0.6666667,0.6666667,0,0]
			},
			{"__class":"SpawnLocation","spawnMinSize":[0.33333334,0.33333334,0.6666667,0.6666667,0,0],"spawnMaxSize":[0.33333334,0.33333334,0.6666667,0.6666667,0.16666667,0.16666667]},
			{
				"__class":"SpawnVelocityComponent",
				"velocity":[0.33333334,0.33333334,0.6666667,0.6666667,[0,0,1.6666667],[0,0,1.6666667]],
				"velocityJitter":[0.33333334,0.33333334,0.6666667,0.6666667,[0,0,0],[0,0,0]]
			}
		]
	},
	"render":{
		"globalScale":0.16666667,
		"scale":[0.33333334,0.33333334,0.6666667,0.6666667,1,1],
		"scaleJitter":[0.33333334,0.33333334,0.6666667,0.6666667,0,0],
		"color":[0.33333334,0.33333334,0.6666667,0.6666667,[1,1,0.5],[1,1,0.5]],
		"alpha":[0.33333334,0.33333334,0.6666667,0.6666667,0,0],
		"angle":[0.33333334,0.33333334,0.6666667,0.6666667,0,0],
		"angleJitter":[0.33333334,0.33333334,0.6666667,0.6666667,0,0],
		"rotationSpeed":[0.33333334,0.33333334,0.6666667,0.6666667,0,0],
		"rotationSpeedJitter":[0.33333334,0.33333334,0.6666667,0.6666667,0,0],
		"tailLength":[0.33333334,0.33333334,0.6666667,0.6666667,0,0],
		"tailLengthJitter":[0.33333334,0.33333334,0.6666667,0.6666667,0,0],
		"alphaFadeout":0.1,
		"trailEnabled":true,
		"trailDuration":0.6,
		"trailWidth":[0.33333334,0.33333334,0.6666667,0.6666667,10,10],
		"trailImage":"image/acy_upgrade_trail01.png#premultiply"
	},
	"movieclip":["sc/effects/bd_point_blur_01 | 49e9c85e-e997-4050-af52-06e49ec1aa08"]
}