{
	"emitterDataVersion":6,
	"emitter":{
		"maxParticleCount":35,
		"emitterDelay":0.001,
		"lifetime":[0.333333,0.333333,0.666667,0.666667,0.5,0.5],
		"lifetimeJitter":[0.333333,0.333333,0.666667,0.666667,0.05,0.05],
		"mass":1,
		"spawnPointOffset":{},
		"gravity":[0.333333,0.333333,0.666667,0.666667,[0,0,0],[0,0,0]],
		"components":[
			{
				"__class":"SpawnRate",
				"infinite":true,
				"duration":0.001,
				"spawnRate":[0.33333334,0.33333334,0.6666667,0.6666667,5,5],
				"spawnRateJitter":[0.33333334,0.33333334,0.6666667,0.6666667,0.1,0.1]
			},
			{
				"__class":"SpawnLocation",
				"spawnShape":2,
				"spawnMinSize":[0.33333334,0.33333334,0.6666667,0.6666667,0.33333334,0.33333334],
				"spawnMaxSize":[0.33333334,0.33333334,0.6666667,0.6666667,0.33333334,0.33333334]
			}
		]
	},
	"render":{
		"globalScale":0.016666668,
		"scale":[0.33333334,0.33333334,0.6666667,0.6666667,1,0.2],
		"scaleJitter":[0.33333334,0.33333334,0.6666667,0.6666667,0.2,0.2],
		"color":[0.4453125,0.1640625,0.203125,0.886875,[0.5,0,0.5],[0.5,0,0.5]],
		"alpha":[0,0.7083334,0.4635417,1.0494792,0,1],
		"angle":[0.333333,0.333333,0.666667,0.666667,0,0],
		"angleJitter":[0.333333,0.333333,0.666667,0.666667,0,0],
		"rotationSpeed":[0.333333,0.333333,0.666667,0.666667,0,0],
		"rotationSpeedJitter":[0.333333,0.333333,0.666667,0.666667,0,0],
		"tailLength":[0.333333,0.333333,0.666667,0.666667,0,0],
		"tailLengthJitter":[0.333333,0.333333,0.666667,0.666667,0,0],
		"loopMovieClip":true,
		"alphaFadeout":0.2,
		"trailWidth":[0.33333334,0.33333334,0.6666667,0.6666667,0,0]
	},
	"movieclip":["sc/effects/bd_bat | 49e9c85e-0735-4727-9af0-ebbfa3d430eb"]
}