{
	"emitterDataVersion":6,
	"emitter":{
		"maxParticleCount":10,
		"emitterDelay":0.001,
		"lifetime":[0.333333,0.333333,0.666667,0.666667,3,3],
		"lifetimeJitter":[0.333333,0.333333,0.666667,0.666667,0.1,0.1],
		"mass":1,
		"spawnPointOffset":{"z":0.13333334},
		"gravity":[0.333333,0.333333,0.666667,0.666667,[0,0,0],[0,0,0]],
		"components":[
			{
				"__class":"SpawnRate",
				"infinite":true,
				"duration":0.001,
				"spawnRate":[0.33333334,0.33333334,0.6666667,0.6666667,2,2],
				"spawnRateJitter":[0.33333334,0.33333334,0.6666667,0.6666667,0.1,0.1]
			},
			{"__class":"Deceleration","deceleration":[0.33333334,0.33333334,0.6666667,0.6666667,[0,0,0],[0,0,0]]},
			{"__class":"SpawnLocation","spawnMinSize":[0.33333334,0.6666667,0.6666667,1,0.16666667,0.33333334],"spawnMaxSize":[0.33333334,0.6666667,0.6666667,3,0.5,0]}
		]
	},
	"render":{
		"globalScale":0.008333334,
		"scale":[0,0.07552087,1,0.38541675,1,0.9],
		"scaleJitter":[0.33333334,0.33333334,0.6666667,0.6666667,0.01,0.01],
		"color":[0.4453125,0.1640625,0.203125,0.886875,[1,1,1],[1,0.5,1]],
		"alpha":[1,0.014687538,1,0.393125,2,0.3],
		"angle":[0.333333,0.333333,0.666667,0.666667,0,0],
		"angleJitter":[0.333333,0.333333,0.666667,0.666667,0,0],
		"rotationSpeed":[0.333333,0.333333,0.666667,0.666667,0,0],
		"rotationSpeedJitter":[0.333333,0.333333,0.666667,0.666667,0,0],
		"tailLength":[0.333333,0.333333,0.666667,0.666667,0,0],
		"tailLengthJitter":[0.333333,0.333333,0.666667,0.666667,0,0],
		"loopMovieClip":true,
		"alphaFadeout":3,
		"trailWidth":[0.33333334,0.33333334,0.6666667,0.6666667,0,0]
	},
	"movieclip":["sc/effects/bd_vam_candel_fire_f | 49e9c85e-8888-4051-9c06-0b1b7a47d862"]
}