{
	"emitterDataVersion":6,
	"emitter":{
		"maxParticleCount":10,
		"lifetime":[0.33333334,0.33333334,0.6666667,0.6666667,1,1],
		"lifetimeJitter":[0.33333334,0.33333334,0.6666667,0.6666667,0.05,0.05],
		"mass":1,
		"spawnPointOffset":{"z":0.8333334},
		"gravity":[0.33333334,0.33333334,0.6666667,0.6666667,[0,0,1.6666667],[0,0,1.6666667]],
		"components":[
			{
				"__class":"SpawnRate",
				"duration":0.1,
				"spawnRate":[0.33333334,0.33333334,0.6666667,0.6666667,500,500],
				"spawnRateJitter":[0.33333334,0.33333334,0.6666667,0.6666667,1,1]
			},
			{"__class":"Deceleration","deceleration":[0.33333334,0.33333334,0.6666667,0.6666667,[33.333336,33.333336,0],[1.6666667,1.6666667,0]]},
			{
				"__class":"SpawnPlanar",
				"spawnMinSize":[0.33333334,0.33333334,0.6666667,0.6666667,0.33333334,0.33333334],
				"spawnMaxSize":[0.33333334,0.33333334,0.6666667,0.6666667,0.33333334,0.33333334],
				"minAngle":[0.33333334,0.33333334,0.6666667,0.6666667,0,0],
				"maxAngle":[0.33333334,0.33333334,0.6666667,0.6666667,360,360],
				"minSpeedXY":[0.33333334,0.33333334,0.6666667,0.6666667,3.3333335,3.3333335],
				"maxSpeedXY":[0.33333334,0.33333334,0.6666667,0.6666667,3.3333335,3.3333335],
				"minSpeedZ":[0.33333334,0.33333334,0.6666667,0.6666667,0,0],
				"maxSpeedZ":[0.33333334,0.33333334,0.6666667,0.6666667,0,0]
			}
		]
	},
	"render":{
		"globalScale":0.008333334,
		"scale":[0.15625,0.6614584,0.5182292,0.6197917,0.4,3],
		"scaleJitter":[0.33333334,0.33333334,0.6666667,0.6666667,0.5,0.5],
		"color":[0.33333334,0.33333334,0.6666667,0.6666667,[1,1,1],[1,1,1]],
		"alpha":[0.33333334,0.33333334,0.6666667,0.6666667,1,1],
		"angle":[0.33333334,0.33333334,0.6666667,0.6666667,0,0],
		"angleJitter":[0.33333334,0.33333334,0.6666667,0.6666667,10,10],
		"rotationSpeed":[0.33333334,0.33333334,0.6666667,0.6666667,0,0],
		"rotationSpeedJitter":[0.33333334,0.33333334,0.6666667,0.6666667,0,0],
		"tailLength":[0.33333334,0.33333334,0.6666667,0.6666667,0,0],
		"tailLengthJitter":[0.33333334,0.33333334,0.6666667,0.6666667,0,0],
		"alphaFadeout":0.6,
		"trailEnabled":true,
		"trailDuration":0.1,
		"trailWidth":[0.33333334,0.33333334,0.6666667,0.6666667,0,0]
	},
	"movieclip":["sc/effects/bd_smoke_purple_blur | 49e9c85e-6623-420c-9c75-c1e9269c8fdc"]
}