{
	"emitterDataVersion":6,
	"emitter":{
		"maxParticleCount":8,
		"lifetime":[0.33333334,0.33333334,0.6666667,0.6666667,0.5,0.5],
		"lifetimeJitter":[0.33333334,0.33333334,0.6666667,0.6666667,1,1],
		"mass":1,
		"spawnPointOffset":{"z":0.8333334},
		"gravity":[0.33333334,0.33333334,0.6666667,0.6666667,[0,0,0.16666667],[0,0,0.16666667]],
		"components":[
			{
				"__class":"SpawnRate",
				"duration":0.1,
				"spawnRate":[0.33333334,0.33333334,0.6666667,0.6666667,100,100],
				"spawnRateJitter":[0.33333334,0.33333334,0.6666667,0.6666667,0,0]
			},
			{"__class":"CurlNoise","frequency":[0.33333334,0.33333334,0.6666667,0.6666667,0,10],"strength":[0.33333334,0.33333334,0.6666667,0.6666667,16.666668,16.666668]},
			{"__class":"Deceleration","deceleration":[0.33333334,0.33333334,0.6666667,0.6666667,[3.3333335,3.3333335,1.6666667],[8.333334,8.333334,8.333334]]},
			{
				"__class":"SpawnPlanar",
				"spawnMinSize":[0.33333334,0.33333334,0.6666667,0.6666667,0,0],
				"spawnMaxSize":[0.33333334,0.33333334,0.6666667,0.6666667,0,0],
				"minAngle":[0.33333334,0.33333334,0.6666667,0.6666667,0,0],
				"maxAngle":[0.33333334,0.33333334,0.6666667,0.6666667,360,360],
				"minSpeedXY":[0.33333334,0.33333334,0.6666667,0.6666667,3.3333335,3.3333335],
				"maxSpeedXY":[0.33333334,0.33333334,0.6666667,0.6666667,5,5],
				"minSpeedZ":[0.33333334,0.33333334,0.6666667,0.6666667,3.3333335,3.3333335],
				"maxSpeedZ":[0.33333334,0.33333334,0.6666667,0.6666667,3.3333335,0]
			}
		]
	},
	"render":{
		"globalScale":0.016666668,
		"scale":[0.33333334,0.33333334,0.6666667,0.6666667,1,0.2],
		"scaleJitter":[0.33333334,0.33333334,0.6666667,0.6666667,0.2,0],
		"color":[0.33333334,0.33333334,0.6666667,0.6666667,[1,0,1],[0.5,0,0.5]],
		"alpha":[0.33333334,0.33333334,0.6666667,0.6666667,1,1],
		"angle":[0.33333334,0.33333334,0.6666667,0.6666667,0,0],
		"angleJitter":[0.33333334,0.33333334,0.6666667,0.6666667,50,50],
		"rotationSpeed":[0.33333334,0.33333334,0.6666667,0.6666667,0,0],
		"rotationSpeedJitter":[0.33333334,0.33333334,0.6666667,0.6666667,0,0],
		"tailLength":[0.33333334,0.33333334,0.6666667,0.6666667,0,0],
		"tailLengthJitter":[0.33333334,0.33333334,0.6666667,0.6666667,0,0],
		"loopMovieClip":true,
		"alphaFadeout":0.1,
		"trailEnabled":true,
		"trailWidth":[0.33333334,0.33333334,0.6666667,0.6666667,0,0]
	},
	"movieclip":["sc/effects/bd_bat | 49e9c85e-0735-4727-9af0-ebbfa3d430eb"]
}