{
	"emitterDataVersion":6,
	"emitter":{
		"maxParticleCount":100,
		"lifetime":0.8,
		"lifetimeJitter":0.2,
		"mass":1,
		"spawnPointOffset":{},
		"components":[
			{"__class":"SpawnRate","infinite":true,"duration":1,"spawnRate":10,"spawnRateJitter":0.5},
			{"__class":"SpawnCone","direction":[1,0,0],"directionJitterAngle":90,"velocityJitter":2},
			{"__class":"Deceleration","deceleration":[2,2,2]}
		]
	},
	"render":{
		"globalScale":0.002,
		"scale":[0.8723959,0.059895843,0.9635417,0.5104167,1,0],
		"scaleJitter":[0.33333334,0.33333334,0.6666667,0.6666667,0,0],
		"color":[0.5130209,0.09114584,0.6119792,0.8385417,[1,1,2],[1,1,0.8]],
		"alpha":[0.33333334,0.33333334,0.6666667,0.6666667,1,1],
		"angle":[0.33333334,0.33333334,0.6666667,0.6666667,0,0],
		"angleJitter":[0.33333334,0.33333334,0.6666667,0.6666667,0,0],
		"rotationSpeed":[0.33333334,0.33333334,0.6666667,0.6666667,0,0],
		"rotationSpeedJitter":100,
		"tailLength":[0.33333334,0.33333334,0.6666667,0.6666667,0,0],
		"tailLengthJitter":[0.33333334,0.33333334,0.6666667,0.6666667,0,0],
		"loopMovieClip":true,
		"trailEnabled":true,
		"trailDuration":1,
		"trailWidth":[0.33333334,0.33333334,0.6666667,0.6666667,1,1],
		"blendMode":2
	},
	"movieclip":["sc/effects/bd_flare_yellow | 49e9c85e-284f-4ee1-b28c-e38285d92bfc"]
}