{
	"emitterDataVersion":6,
	"emitter":{
		"maxParticleCount":80,
		"lifetime":[0.33333334,0.33333334,0.6666667,0.6666667,0.5,0.5],
		"lifetimeJitter":[0.33333334,0.33333334,0.6666667,0.6666667,0.2,0.2],
		"mass":1,
		"spawnPointOffset":{},
		"gravity":[0.33333334,0.33333334,0.6666667,0.6666667,[0,0,0],[0,0,0]],
		"components":[
			{
				"__class":"SpawnRate",
				"duration":1,
				"spawnRate":[0.33333334,0.33333334,0.6666667,0.6666667,500,500],
				"spawnRateJitter":[0.33333334,0.33333334,0.6666667,0.6666667,0,0]
			},
			{
				"__class":"SpawnLocation",
				"spawnShape":1,
				"spawnMinSize":[0.33333334,0.33333334,0.6666667,0.6666667,0.33333334,0.33333334],
				"spawnMaxSize":[0.33333334,0.33333334,0.6666667,0.6666667,2,2]
			},
			{
				"__class":"SpawnVelocityComponent",
				"velocity":[0.33333334,0.33333334,0.6666667,0.6666667,[0,0,5],[0,0,5]],
				"velocityJitter":[0.33333334,0.33333334,0.6666667,0.6666667,[0,0,0],[0,0,0]]
			},
			{"__class":"Deceleration","deceleration":[0.33333334,0.33333334,0.6666667,0.6666667,[0,0,-16.666668],[0,0,0]]}
		]
	},
	"render":{
		"globalScale":0.0033333334,
		"scale":[0.5520834,0.06770834,0.4479167,0.9322917,10,0],
		"scaleJitter":[0.33333334,0.33333334,0.6666667,0.6666667,0.1,0.1],
		"color":[0.33333334,0.33333334,0.6666667,0.6666667,[10,10,10],[10,10,10]],
		"alpha":[1,0.028645843,0.9765625,0.6119792,1,0],
		"angle":[0.33333334,0.33333334,0.6666667,0.6666667,0,0],
		"angleJitter":[0.33333334,0.33333334,0.6666667,0.6666667,0,0],
		"rotationSpeed":[0.33333334,0.33333334,0.6666667,0.6666667,0,0],
		"rotationSpeedJitter":[0.33333334,0.33333334,0.6666667,0.6666667,0,0],
		"tailLength":[0.33333334,0.33333334,0.6666667,0.6666667,0,0],
		"tailLengthJitter":[0.33333334,0.33333334,0.6666667,0.6666667,0,0],
		"loopMovieClip":true,
		"trailEnabled":true,
		"trailDuration":1,
		"trailWidth":[0.33333334,0.33333334,0.6666667,0.6666667,1,1]
	},
	"movieclip":["sc/effects/bd_golden_point | 49e9c85e-ac5b-4f7f-8d71-d5f4480b7d9e"]
}