{
	"emitterDataVersion":6,
	"emitter":{
		"maxParticleCount":5,
		"lifetime":[0.33333334,0.33333334,0.6666667,0.6666667,0.6,0.6],
		"lifetimeJitter":[0.33333334,0.33333334,0.6666667,0.6666667,0.4,0.4],
		"mass":1,
		"spawnPointOffset":{},
		"gravity":[0.33333334,0.33333334,0.6666667,0.6666667,[0,0,0.16666667],[0,0,0.16666667]],
		"components":[
			{
				"__class":"SpawnRate",
				"duration":0.1,
				"spawnRate":[0.33333334,0.33333334,0.6666667,0.6666667,100,100],
				"spawnRateJitter":[0.33333334,0.33333334,0.6666667,0.6666667,0,0]
			},
			{"__class":"SpawnLocation","spawnMinSize":[0.33333334,0.33333334,0.6666667,0.6666667,0,0],"spawnMaxSize":[0.33333334,0.33333334,0.6666667,0.6666667,0,0]},
			{"__class":"Deceleration","deceleration":[0.33333334,0.33333334,0.6666667,0.6666667,[25,25,3.3333335],[25,25,3.3333335]]},
			{
				"__class":"SpawnPlanar",
				"spawnMinSize":[0.33333334,0.33333334,0.6666667,0.6666667,0.5,0.5],
				"spawnMaxSize":[0.33333334,0.33333334,0.6666667,0.6666667,0.6666667,0.6666667],
				"minAngle":[0.33333334,0.33333334,0.6666667,0.6666667,0,0],
				"maxAngle":[0.33333334,0.33333334,0.6666667,0.6666667,360,360],
				"minSpeedXY":[0.33333334,0.33333334,0.6666667,0.6666667,0,0],
				"maxSpeedXY":[0.33333334,0.33333334,0.6666667,0.6666667,0,0],
				"minSpeedZ":[0.33333334,0.33333334,0.6666667,0.6666667,1.6666667,1.6666667],
				"maxSpeedZ":[0.33333334,0.33333334,0.6666667,0.6666667,3.3333335,3.3333335]
			}
		]
	},
	"render":{
		"globalScale":0.013333334,
		"scale":[0,-7.0729165,0.140625,-6.1067705,0.2,0],
		"scaleJitter":[0.33333334,0.33333334,0.6666667,0.6666667,0,0],
		"color":[0.33333334,0.33333334,0.6666667,0.6666667,[1,1,1],[1,1,1]],
		"alpha":[0.33333334,0.33333334,0.6666667,0.6666667,1,1],
		"angle":[0.33333334,0.33333334,0.6666667,0.6666667,0,0],
		"angleJitter":[0.33333334,0.33333334,0.6666667,0.6666667,10,10],
		"rotationSpeed":[0.33333334,0.33333334,0.6666667,0.6666667,0,0],
		"rotationSpeedJitter":[0.33333334,0.33333334,0.6666667,0.6666667,0,0],
		"tailLength":[0.33333334,0.33333334,0.6666667,0.6666667,0,0],
		"tailLengthJitter":[0.33333334,0.33333334,0.6666667,0.6666667,0,0],
		"trailEnabled":true,
		"trailDuration":0.1,
		"trailWidth":[0.33333334,0.33333334,0.6666667,0.6666667,0,0]
	},
	"movieclip":["sc/effects/cloud_02 | 49e9c85e-d671-4d2c-bce4-a50f4d74a74f","sc/effects/cloud_03 | 49e9c85e-f7c6-472a-8fbd-22a364a62988","sc/effects/cloud_01 | 49e9c85e-e0fa-40e2-8d06-6344ebcaed15"]
}