{
	"emitterDataVersion":6,
	"emitter":{
		"maxParticleCount":1,
		"lifetime":[0.33333334,0.33333334,0.6666667,0.6666667,0.45,0.45],
		"lifetimeJitter":[0.33333334,0.33333334,0.6666667,0.6666667,0,0],
		"mass":1,
		"spawnPointOffset":{},
		"gravity":[0.33333334,0.33333334,0.6666667,0.6666667,[0,0,0],[0,0,0]],
		"components":[
			{
				"__class":"SpawnRate",
				"duration":0.45,
				"spawnRate":[0.33333334,0.33333334,0.6666667,0.6666667,1,1],
				"spawnRateJitter":[0.33333334,0.33333334,0.6666667,0.6666667,0,0]
			},
			{
				"__class":"SpawnPlanar",
				"spawnMinSize":[0.33333334,0.33333334,0.6666667,0.6666667,0,0],
				"spawnMaxSize":[0.33333334,0.33333334,0.6666667,0.6666667,0,0],
				"minAngle":[0.33333334,0.33333334,0.6666667,0.6666667,0,0],
				"maxAngle":[0.33333334,0.33333334,0.6666667,0.6666667,0,0],
				"minSpeedXY":[0.33333334,0.33333334,0.6666667,0.6666667,0,0],
				"maxSpeedXY":[0.33333334,0.33333334,0.6666667,0.6666667,0,0],
				"minSpeedZ":[0.33333334,0.33333334,0.6666667,0.6666667,0,0],
				"maxSpeedZ":[0.33333334,0.33333334,0.6666667,0.6666667,0,0]
			},
			{"__class":"Deceleration","deceleration":[0.33333334,0.33333334,0.6666667,0.6666667,[0,0,0],[0,0,0]]}
		]
	},
	"render":{
		"globalScale":0.011666667,
		"scale":[0.20833334,-2.158854,0.984375,-0.2630208,0.7,0.25],
		"scaleJitter":[0.33333334,0.33333334,0.6666667,0.6666667,0,0],
		"color":[0.33333334,0.33333334,0.6666667,0.6666667,[1,1,1],[1,1,1]],
		"alpha":[0.33333334,0.33333334,0.6666667,0.6666667,1,1],
		"angle":[0.33333334,0.33333334,0.6666667,0.6666667,0,0],
		"angleJitter":[0.33333334,0.33333334,0.6666667,0.6666667,0,0],
		"rotationSpeed":[0.33333334,0.33333334,0.6666667,0.6666667,0,0],
		"rotationSpeedJitter":[0.33333334,0.33333334,0.6666667,0.6666667,0,0],
		"tailLength":[0.33333334,0.33333334,0.6666667,0.6666667,0,0],
		"tailLengthJitter":[0.33333334,0.33333334,0.6666667,0.6666667,0,0],
		"trailWidth":[0.33333334,0.33333334,0.6666667,0.6666667,1,1]
	},
	"movieclip":["sc/effects/board_death | 49e9c85e-9ce0-4305-86ad-22dcb7689750"]
}