{
	"emitterDataVersion":6,
	"emitter":{
		"maxParticleCount":3,
		"lifetime":[0.33333334,0.33333334,0.6666667,0.6666667,2,2],
		"lifetimeJitter":[0.33333334,0.33333334,0.6666667,0.6666667,0,0],
		"mass":1,
		"spawnPointOffset":{"x":0.33333334,"z":0.33333334},
		"gravity":[0.33333334,0.33333334,0.6666667,0.6666667,[0,0,0],[0,0,0]],
		"components":[
			{
				"__class":"SpawnRate",
				"infinite":true,
				"spawnRate":[0.33333334,0.33333334,0.6666667,0.6666667,5,5],
				"spawnRateJitter":[0.33333334,0.33333334,0.6666667,0.6666667,0,0]
			},
			{"__class":"SpawnLocation","spawnMinSize":[0.33333334,0.33333334,0.6666667,0.6666667,0,0],"spawnMaxSize":[0.33333334,0.33333334,0.6666667,0.6666667,0,0]}
		]
	},
	"render":{
		"globalScale":0.0034722225,
		"scale":[0.33333334,0.33333334,0.6666667,0.6666667,2.4,2.4],
		"scaleJitter":[0.33333334,0.33333334,0.6666667,0.6666667,0,0],
		"color":[0.33333334,0.33333334,0.6666667,0.6666667,[1,1,1],[1,1,1]],
		"alpha":[0.33333334,0.33333334,0.6666667,0.6666667,1,1],
		"angle":[0.33333334,0.33333334,0.6666667,0.6666667,0,0],
		"angleJitter":[0.33333334,0.33333334,0.6666667,0.6666667,0,0],
		"rotationSpeed":[0.33333334,0.33333334,0.6666667,0.6666667,0,0],
		"rotationSpeedJitter":[0.33333334,0.33333334,0.6666667,0.6666667,0,0],
		"tailLength":[0.33333334,0.33333334,0.6666667,0.6666667,0,0],
		"tailLengthJitter":[0.33333334,0.33333334,0.6666667,0.6666667,0,0],
		"trailWidth":[0.33333334,0.33333334,0.6666667,0.6666667,1,1]
	},
	"movieclip":["sc/effects/fireball_trail1 | 49e9c85e-f254-489b-972c-b925ca953a2b","sc/effects/fireball_trail2 | 49e9c85e-b1ef-4f69-8189-c7042ec2610b","sc/effects/fireball_trail3 | 49e9c85e-faf5-46ee-945d-ae35063611bb"]
}