{
	"emitterDataVersion":6,
	"emitter":{
		"maxParticleCount":50,
		"lifetime":0.2,
		"mass":1,
		"spawnPointOffset":{},
		"followEmitter":true,
		"emitterLoop":true,
		"components":[{"__class":"SpawnRate","duration":1,"spawnRate":9},{"__class":"Ground"}]
	},
	"render":{
		"globalScale":0.008333334,
		"scale":[0.17708334,0.41927084,0.6119792,0.7135417,0.7,1.2],
		"color":[0.33333334,0.33333334,0.6666667,0.6666667,[0.3,0.8,0.4],[0.3,0.6,1]],
		"alpha":[0.65625,-0.026041627,0.546875,1.0338542,1,0],
		"angleJitter":360,
		"loopMovieClip":true,
		"trailEnabled":true,
		"trailDuration":1,
		"trailWidth":1,
		"blendMode":2
	},
	"movieclip":["sc/effects/tesla02_lightbeam01 | 49e9c85e-4ad9-4fe4-9473-421b13093fc8","sc/effects/tesla02_lightbeam02 | 49e9c85e-787c-4fda-964d-b3942009778d"]
}