{
	"emitterDataVersion":6,
	"emitter":{
		"maxParticleCount":2,
		"lifetime":0.5,
		"mass":1,
		"spawnPointOffset":{},
		"followEmitter":true,
		"emitterLoop":true,
		"components":[{"__class":"SpawnRate","duration":1,"spawnRate":3},{"__class":"Ground"}]
	},
	"render":{
		"globalScale":0.008333334,
		"scale":[0.17708334,0.41927084,0.6119792,0.7135417,0.5,1],
		"color":[0.33333334,0.33333334,0.6666667,0.6666667,[1,1,0.1],[1,0.2,0.2]],
		"alpha":[0.3984375,0.41145837,0.5703125,0.84635425,1,0],
		"angleJitter":360,
		"loopMovieClip":true,
		"trailEnabled":true,
		"trailDuration":1,
		"trailWidth":1,
		"blendMode":2
	},
	"movieclip":["sc/effects/tesla02_lightbeam03 | 49e9c85e-0d25-4499-86e9-30c92dadb48e"]
}