{
	"emitterDataVersion":6,
	"emitter":{
		"maxParticleCount":6,
		"lifetime":[0.33333334,0.33333334,0.6666667,0.6666667,0.5,0.5],
		"lifetimeJitter":[0.33333334,0.33333334,0.6666667,0.6666667,0,0],
		"mass":1,
		"spawnPointOffset":{},
		"gravity":[0.33333334,0.33333334,0.6666667,0.6666667,[0,0,-20],[0,0,-20]],
		"components":[
			{
				"__class":"SpawnRate",
				"duration":0.1,
				"spawnRate":[0.33333334,0.33333334,0.6666667,0.6666667,60,60],
				"spawnRateJitter":[0.33333334,0.33333334,0.6666667,0.6666667,0,0]
			},
			{
				"__class":"SpawnLocation",
				"spawnShape":1,
				"spawnMinSize":[0.33333334,0.33333334,0.6666667,0.6666667,0.033333335,0.033333335],
				"spawnMaxSize":[0.33333334,0.33333334,0.6666667,0.6666667,0.083333336,0.083333336]
			},
			{
				"__class":"SpawnVelocityComponent",
				"velocity":[0.33333334,0.33333334,0.6666667,0.6666667,[-0.8333334,0,6.666667],[-0.8333334,0,6.666667]],
				"velocityJitter":[0.33333334,0.33333334,0.6666667,0.6666667,[6.666667,6.666667,1.6666667],[6.666667,6.666667,1.6666667]]
			},
			{"__class":"SimpleGround"}
		]
	},
	"render":{
		"globalScale":0.005,
		"scale":[0.33333334,0.33333334,0.6666667,0.6666667,1,1],
		"scaleJitter":[0.33333334,0.33333334,0.6666667,0.6666667,0.8,0.8],
		"color":[0.33333334,0.33333334,0.6666667,0.6666667,[1,1,1],[1,1,1]],
		"alpha":[1,-0.018229157,1,0.28385425,1,0],
		"angle":[0.33333334,0.33333334,0.6666667,0.6666667,0,0],
		"angleJitter":[0.33333334,0.33333334,0.6666667,0.6666667,0,0],
		"rotationSpeed":[0.33333334,0.33333334,0.6666667,0.6666667,0,0],
		"rotationSpeedJitter":[0.33333334,0.33333334,0.6666667,0.6666667,0,0],
		"tailLength":[0.33333334,0.33333334,0.6666667,0.6666667,0.02,0.02],
		"tailLengthJitter":[0.33333334,0.33333334,0.6666667,0.6666667,0,0],
		"alphaFadeout":0.01,
		"trailDuration":1,
		"trailWidth":[0.33333334,0.33333334,0.6666667,0.6666667,0,0],
		"trailHeadOrTails":true
	},
	"movieclip":["sc/effects/bubble | 49e9c85e-cab1-4dff-ae71-ebd5e2fa7779"]
}