{
	"emitterDataVersion":6,
	"emitter":{
		"maxParticleCount":8,
		"lifetime":[0,1.6145834,1,-0.013020813,0.5,0.5],
		"lifetimeJitter":[0.33333334,0.33333334,0.6666667,0.6666667,0.1,0.1],
		"mass":0.01,
		"spawnPointOffset":{},
		"gravity":[0.33333334,0.33333334,0.6666667,0.6666667,[0,0,0],[0,0,0]],
		"components":[
			{
				"__class":"SpawnRate",
				"duration":0.01,
				"spawnRate":[0,1.2395834,0.8307292,-0.11458331,240,240],
				"spawnRateJitter":[0.33333334,0.33333334,0.6666667,0.6666667,0,0]
			},
			{
				"__class":"SpawnPlanar",
				"spawnMinSize":[0.33333334,0.33333334,0.6666667,0.6666667,0,0],
				"spawnMaxSize":[0.33333334,0.33333334,0.6666667,0.6666667,0.5,0.5],
				"minAngle":[0.33333334,0.33333334,0.6666667,0.6666667,0,0],
				"maxAngle":[0.33333334,0.33333334,0.6666667,0.6666667,0,0],
				"minSpeedXY":[0.33333334,0.33333334,0.6666667,0.6666667,0,0],
				"maxSpeedXY":[0.33333334,0.33333334,0.6666667,0.6666667,0,0],
				"minSpeedZ":[0.33333334,0.33333334,0.6666667,0.6666667,0,0],
				"maxSpeedZ":[0.33333334,0.33333334,0.6666667,0.6666667,0,0]
			},
			{"__class":"Deceleration","deceleration":[0.33333334,0.33333334,0.6666667,0.6666667,[0,0,0],[0,0,0]]}
		]
	},
	"render":{
		"globalScale":0.011666667,
		"scale":[0.20833334,-2.158854,0.984375,-0.2630208,0.7,0.25],
		"scaleJitter":[0.33333334,0.33333334,0.6666667,0.6666667,0.2,0.2],
		"color":[0.33333334,0.33333334,0.6666667,0.6666667,[1,1,1],[1,1,1]],
		"alpha":[0.33333334,0.33333334,0.6666667,0.6666667,1,1],
		"angle":[0.33333334,0.33333334,0.6666667,0.6666667,100,100],
		"angleJitter":[0.33333334,0.33333334,0.6666667,0.6666667,180,180],
		"rotationSpeed":[0.33333334,0.33333334,0.6666667,0.6666667,50,50],
		"rotationSpeedJitter":[0.33333334,0.33333334,0.6666667,0.6666667,480,480],
		"tailLength":[0.33333334,0.33333334,0.6666667,0.6666667,0,0],
		"tailLengthJitter":[0.33333334,0.33333334,0.6666667,0.6666667,1,1],
		"alphaFadeout":0.3,
		"trailWidth":[0.33333334,0.33333334,0.6666667,0.6666667,1,1]
	},
	"movieclip":["sc/effects/shard | 49e9c85e-fd5c-437c-95d0-59361f345bc2","sc/effects/shard_blue_2 | 49e9c85e-f1fc-4042-8f07-986744af433f"]
}