{
	"emitterDataVersion":6,
	"emitter":{
		"maxParticleCount":2,
		"lifetime":[0.33333334,0.33333334,0.6666667,0.6666667,1,1],
		"lifetimeJitter":[0.33333334,0.33333334,0.6666667,0.6666667,0.1,0.1],
		"mass":1,
		"spawnPointOffset":{},
		"gravity":[0.33333334,0.33333334,0.6666667,0.6666667,[0,0,0],[0,0,0]],
		"components":[
			{
				"__class":"SpawnRate",
				"duration":0.010000002,
				"spawnRate":[0.33333334,0.33333334,0.6666667,0.6666667,240,240],
				"spawnRateJitter":[0.33333334,0.33333334,0.6666667,0.6666667,0,0]
			},
			{
				"__class":"SpawnPlanar",
				"spawnMinSize":[0.33333334,0.33333334,0.6666667,0.6666667,0,0],
				"spawnMaxSize":[0.33333334,0.33333334,0.6666667,0.6666667,0,0],
				"minAngle":[0.33333334,0.33333334,0.6666667,0.6666667,0,0],
				"maxAngle":[0.33333334,0.33333334,0.6666667,0.6666667,0,0],
				"minSpeedXY":[0.33333334,0.33333334,0.6666667,0.6666667,0,0],
				"maxSpeedXY":[0.33333334,0.33333334,0.6666667,0.6666667,0,0],
				"minSpeedZ":[0.33333334,0.33333334,0.6666667,0.6666667,0,0],
				"maxSpeedZ":[0.33333334,0.33333334,0.6666667,0.6666667,0,0]
			},
			{"__class":"Deceleration","deceleration":[0.33333334,0.33333334,0.6666667,0.6666667,[0,0,0],[0,0,0]]}
		]
	},
	"render":{
		"globalScale":0.011666667,
		"scale":[0.20833334,-2.158854,0.984375,-0.2630208,0.7,0.25],
		"scaleJitter":[0.33333334,0.33333334,0.6666667,0.6666667,1,1],
		"color":[0.33333334,0.33333334,0.6666667,0.6666667,[1,1,1],[1,1,1]],
		"alpha":[0.33333334,0.33333334,0.6666667,0.6666667,1,1],
		"angle":[0.33333334,0.33333334,0.6666667,0.6666667,0,0],
		"angleJitter":[0.33333334,0.33333334,0.6666667,0.6666667,1,1],
		"rotationSpeed":[0.33333334,0.33333334,0.6666667,0.6666667,0,0],
		"rotationSpeedJitter":[0.33333334,0.33333334,0.6666667,0.6666667,90,90],
		"tailLength":[0.33333334,0.33333334,0.6666667,0.6666667,0,0],
		"tailLengthJitter":[0.33333334,0.33333334,0.6666667,0.6666667,0,0],
		"alphaFadeout":1,
		"trailWidth":[0.33333334,0.33333334,0.6666667,0.6666667,1,1]
	},
	"movieclip":["sc/effects/gene_def_atk1Hit_red_1 | 49e9c85e-a197-4860-be01-315e25a1422a","sc/effects/gene_def_atk1Hit_red_2 | 49e9c85e-4ce2-408a-ba9c-d25e805fb94b","sc/effects/gene_def_atk1Hit_red_3 | 49e9c85e-909e-4386-b102-77da2f7bf671"]
}