{
	"emitterDataVersion":6,
	"emitter":{
		"maxParticleCount":20,
		"lifetime":0.2,
		"mass":1,
		"spawnPointOffset":{},
		"followEmitter":true,
		"components":[{"__class":"SpawnRate","infinite":true,"duration":2,"spawnRate":20}]
	},
	"render":{
		"globalScale":0.013333334,
		"scale":[0.0546875,0.5598959,0.6901042,0.7916667,0.5,1.1],
		"color":[0.0703125,0.6927084,0,0.87760425,[1,0.5,1],[1,0.5,1]],
		"alpha":[0.40364584,0.013020873,0.6588542,0.92447925,0.75,0],
		"angleJitter":360,
		"loopMovieClip":true,
		"trailEnabled":true,
		"trailDuration":1,
		"trailWidth":1,
		"blendMode":2
	},
	"movieclip":["sc/effects/tesla01_lights01 | 49e9c85e-3312-4f2e-8d61-8dfe460afee6"]
}