{
	"emitterDataVersion":6,
	"emitter":{
		"maxParticleCount":1,
		"lifetime":0.7,
		"mass":1,
		"spawnPointOffset":{"x":0.025000002},
		"followEmitter":true,
		"components":[
			{"__class":"SpawnBurst","bursts":[{"t":0.001,"c":1}]}
		]
	},
	"render":{
		"globalScale":0.016666668,
		"scale":[0.1328125,0.5989584,0.6666667,0.6666667,0.6,1.5],
		"color":[[0.3,0.5,0.3],[0.2,1,0.2]],
		"alpha":[0.6848959,0.09895834,0.6822917,0.8385417,0.6,0],
		"loopMovieClip":true,
		"trailEnabled":true,
		"trailDuration":1,
		"trailWidth":1
	},
	"movieclip":["sc/effects/generic_glow001 | 49e9c85e-017f-4977-8b73-31493f9d8b1f"]
}