{
	"emitterDataVersion":6,
	"emitter":{
		"maxParticleCount":1,
		"emitterDelay":0.01,
		"lifetime":0.5,
		"mass":1,
		"spawnPointOffset":{},
		"components":[{"__class":"SpawnRate","duration":0.1,"spawnRate":60},{"__class":"Ground"}]
	},
	"render":{
		"globalScale":0.0058333334,
		"scale":[0.8177084,-0.0026041567,0.7604167,0.9869792,1,0],
		"color":[0.27083334,-0.010416657,0.1015625,0.98697925,[0,1,1],[0,0,1]],
		"alpha":[0.5364584,0.013020873,0.7421875,1.0026042,0.3,0],
		"loopMovieClip":true,
		"trailEnabled":true,
		"trailDuration":1,
		"trailWidth":1,
		"blendMode":2,
		"billboardAlign":2
	},
	"movieclip":["sc/effects/bd_split_grid_06 | 49e9c85e-ae38-41fa-b436-6691110eee0c"]
}