{
	"emitterDataVersion":6,
	"emitter":{
		"maxParticleCount":1,
		"lifetime":0.45,
		"mass":1,
		"spawnPointOffset":{},
		"components":[
			{"__class":"SpawnBurst","bursts":[{"t":0.001,"c":1}]}
		]
	},
	"render":{
		"globalScale":0.021666666,
		"scale":[0,0.7552084,0.4479167,0.7057292,0.5,1.3],
		"color":[0.29427084,-0.018229157,0.3619792,0.9322917,[0.6,1,1],[0.5,0.3,1]],
		"alpha":[0.45833337,-0.018229157,0.6510417,0.80729175,0.6,0],
		"loopMovieClip":true,
		"trailEnabled":true,
		"trailDuration":1,
		"trailWidth":1
	},
	"movieclip":["sc/effects/generic_glow001 | 49e9c85e-017f-4977-8b73-31493f9d8b1f"]
}