{
	"emitterDataVersion":6,
	"emitter":{
		"maxParticleCount":4,
		"emitterDelay":0.05,
		"lifetime":0.5,
		"mass":1,
		"spawnPointOffset":{},
		"components":[{"__class":"SpawnRate","duration":0.5,"spawnRate":5},{"__class":"SpawnPlanar"}]
	},
	"render":{
		"globalScale":0.02,
		"scale":[0.25520834,0.5052084,0.4557292,0.9010417,0.4,1.6],
		"scaleJitter":0.3,
		"color":[0.16145834,0.38802084,0.010416687,0.8854167,[0.6,1,1],[0,0.3,1]],
		"alpha":[0.9765625,0.020833343,1,0.06510419,1,0],
		"angleJitter":360,
		"rotationSpeed":[0.8958334,0.052083343,0.4791667,0.9401042,0,120],
		"rotationSpeedJitter":10,
		"alphaFadeout":0.5,
		"trailWidth":1,
		"blendMode":2
	},
	"movieclip":["sc/effects/soundwave_01 | 49e9c85e-a1f9-43c4-a81e-261f0158cba8"]
}