{
	"emitterDataVersion":6,
	"emitter":{
		"maxParticleCount":5,
		"lifetime":0.5,
		"lifetimeJitter":0.2,
		"mass":1,
		"spawnPointOffset":{},
		"gravity":[[0,0,0],[0,0,0]],
		"components":[
			{"__class":"SpawnRate","duration":0.1,"spawnRate":100},
			{
				"__class":"SpawnPlanar",
				"spawnMinSize":[0.47395834,0.052083343,0.3932292,0.9401042,0.008333334,0.033333335],
				"spawnMaxSize":[0.43489584,0.013020843,0.4166667,0.9869792,0.016666668,0.06666667],
				"maxAngle":360,
				"minSpeedXY":1,
				"maxSpeedXY":1.6666667,
				"minSpeedZ":-0.6666667,
				"maxSpeedZ":1,
				"randomAngle":true
			},
			{"__class":"Drag","dragCoeffecient":20000}
		]
	},
	"render":{
		"globalScale":0.016666668,
		"scale":0.2,
		"scaleJitter":0.1,
		"color":[[1,1,1],[1,1,1]],
		"alpha":[0.3125,4.3359375,0.20572919,-1.8567708,0.5,1],
		"rotationSpeedJitter":[0.32552087,-0.0026041567,0.4088542,0.9947917,30,60],
		"loopMovieClip":true,
		"alphaFadeout":0.2,
		"trailEnabled":true,
		"trailDuration":1,
		"trailWidth":1,
		"blendMode":2
	},
	"movieclip":["sc/effects/fx_twinkle_pink | 49e9c85e-1271-4aa5-89a5-0edc20529de0","sc/effects/fx_twinkle_indigo | 49e9c85e-babc-4723-8ea9-f8329cc18a0f"]
}