{
	"emitterDataVersion":6,
	"emitter":{
		"maxParticleCount":1,
		"lifetime":[0.33333334,0.33333334,0.6666667,0.6666667,0.3,0.3],
		"lifetimeJitter":[0.33333334,0.33333334,0.6666667,0.6666667,0.1,0.1],
		"mass":1,
		"spawnPointOffset":{},
		"gravity":[0.33333334,0.33333334,0.6666667,0.6666667,[0,0,0],[0,0,0]],
		"components":[
			{
				"__class":"SpawnRate",
				"duration":0.010000002,
				"spawnRate":[0.33333334,0.33333334,0.6666667,0.6666667,240,240],
				"spawnRateJitter":[0.33333334,0.33333334,0.6666667,0.6666667,0,0]
			},
			{
				"__class":"SpawnPlanar",
				"spawnMinSize":[0.33333334,0.33333334,0.6666667,0.6666667,0,0],
				"spawnMaxSize":[0.33333334,0.33333334,0.6666667,0.6666667,0,0],
				"minAngle":[0.33333334,0.33333334,0.6666667,0.6666667,0,0],
				"maxAngle":[0.33333334,0.33333334,0.6666667,0.6666667,0,0],
				"minSpeedXY":[0.33333334,0.33333334,0.6666667,0.6666667,0,0],
				"maxSpeedXY":[0.33333334,0.33333334,0.6666667,0.6666667,0,0],
				"minSpeedZ":[0.33333334,0.33333334,0.6666667,0.6666667,0,0],
				"maxSpeedZ":[0.33333334,0.33333334,0.6666667,0.6666667,0,0]
			},
			{"__class":"Deceleration","deceleration":[0.33333334,0.33333334,0.6666667,0.6666667,[0,0,0],[0,0,0]]}
		]
	},
	"render":{
		"globalScale":0.006666667,
		"scale":[0.20833334,-2.158854,0.984375,-0.2630208,0.7,0.25],
		"scaleJitter":[0.33333334,0.33333334,0.6666667,0.6666667,0.2,0.2],
		"color":[0.33333334,0.33333334,0.6666667,0.6666667,[0,0,0],[0,0,0]],
		"alpha":[0.33333334,0.33333334,0.6666667,0.6666667,1,1],
		"angle":[0.33333334,0.33333334,0.6666667,0.6666667,0,0],
		"angleJitter":[0.33333334,0.33333334,0.6666667,0.6666667,180,180],
		"rotationSpeed":[0.33333334,0.33333334,0.6666667,0.6666667,0,0],
		"rotationSpeedJitter":[0.33333334,0.33333334,0.6666667,0.6666667,480,480],
		"tailLength":[0.33333334,0.33333334,0.6666667,0.6666667,0,0],
		"tailLengthJitter":[0.33333334,0.33333334,0.6666667,0.6666667,0,0],
		"trailWidth":[0.33333334,0.33333334,0.6666667,0.6666667,1,1]
	},
	"movieclip":["sc/effects/penny_def_atk1_hit_red | 49e9c85e-2490-4834-b7ab-3563bd6b62ce"]
}