{
	"emitterDataVersion":6,
	"emitter":{
		"maxParticleCount":2,
		"lifetime":1.6,
		"lifetimeJitter":0.4,
		"mass":1,
		"spawnPointOffset":{},
		"gravity":[0,0,-6.666667],
		"components":[
			{"__class":"SpawnLocation","spawnShape":1,"spawnMaxSize":0.083333336},
			{"__class":"SpawnCone","direction":[0,0,1],"directionJitterAngle":70,"velocity":3.3333335,"velocityJitter":1.1666667},
			{"__class":"Deceleration","deceleration":[5,5,7.5]},
			{"__class":"SpawnRate","duration":0.1,"spawnRate":2,"spawnRateJitter":1}
		]
	},
	"render":{
		"globalScale":0.0033333334,
		"scale":2,
		"scaleJitter":0.5,
		"color":[0.5833334,0.09895834,0.8619792,0.6119792,[1,1,1],[1,0.6,0]],
		"alpha":1,
		"angle":-50,
		"angleJitter":50,
		"rotationSpeed":[0,0.6302084,0.3125,1.3203125,360,0],
		"rotationSpeedJitter":[0.33333334,0.33333334,0.6666667,0.6666667,100,0],
		"alphaFadeout":0.5,
		"trailDuration":1,
		"trailWidth":[0.33333334,0.33333334,0.6666667,0.6666667,1,1],
		"blendMode":2
	},
	"movieclip":["sc/effects/shieldmaiden_feather01 | 49e9c85e-aad5-4274-ac2a-fc5e549555c0","sc/effects/shieldmaiden_feather02 | 49e9c85e-f9ad-4395-9ce3-dcfa1f6a8906","sc/effects/shieldmaiden_feather03 | 49e9c85e-e96c-415d-85a0-212854f84aa3","sc/effects/shieldmaiden_feather04 | 49e9c85e-c2be-42f0-a6a6-cfa634627cb4"]
}