{
	"emitterDataVersion":6,
	"emitter":{
		"maxParticleCount":20,
		"emitterDelay":0.8,
		"lifetime":[0.33333334,0.33333334,0.6666667,0.6666667,0.2,0.2],
		"lifetimeJitter":[0.33333334,0.33333334,0.6666667,0.6666667,0.4,0.4],
		"mass":1,
		"spawnPointOffset":{"z":0.16666667},
		"gravity":[0.33333334,0.33333334,0.6666667,0.6666667,[0,0,0.16666667],[0,0,0.16666667]],
		"components":[
			{
				"__class":"SpawnRate",
				"infinite":true,
				"spawnRate":[0.33333334,0.33333334,0.6666667,0.6666667,2.5,1],
				"spawnRateJitter":[0.33333334,0.33333334,0.6666667,0.6666667,0,0]
			},
			{
				"__class":"SpawnLocation",
				"spawnShape":1,
				"spawnMinSize":[0.33333334,0.33333334,0.6666667,0.6666667,-0.16666667,-0.16666667],
				"spawnMaxSize":[0.33333334,0.33333334,0.6666667,0.6666667,0.16666667,0.16666667]
			}
		]
	},
	"render":{
		"globalScale":0.0033333334,
		"scale":[0.33333334,0.33333334,0.6666667,0.6666667,1,1],
		"scaleJitter":[0.33333334,0.33333334,0.6666667,0.6666667,0.2,0.2],
		"color":[0.33333334,0.33333334,0.6666667,0.6666667,[1,1,1],[2,1,1]],
		"alpha":[0.33333334,0.33333334,0.6666667,0.6666667,1,1],
		"angle":[0.33333334,0.33333334,0.6666667,0.6666667,180,180],
		"angleJitter":[0.33333334,0.33333334,0.6666667,0.6666667,180,180],
		"rotationSpeed":[0.33333334,0.33333334,0.6666667,0.6666667,0,0],
		"rotationSpeedJitter":[0.33333334,0.33333334,0.6666667,0.6666667,20,20],
		"tailLength":[0.33333334,0.33333334,0.6666667,0.6666667,0,0],
		"tailLengthJitter":[0.33333334,0.33333334,0.6666667,0.6666667,0,0],
		"loopMovieClip":true,
		"trailWidth":[0.33333334,0.33333334,0.6666667,0.6666667,1,1]
	},
	"movieclip":["sc/effects/tesla_spark_heart | 49e9c85e-5f98-448a-8ea5-bd714a8b0e14","sc/effects/tesla_spark_01 | 49e9c85e-81be-43f2-8d4e-a8a2794a09af"]
}