{
	"emitterDataVersion":6,
	"emitter":{
		"maxParticleCount":2,
		"lifetime":[0.333333,0.333333,0.666667,0.666667,0.25,0.25],
		"lifetimeJitter":[0.333333,0.333333,0.666667,0.666667,0.05,0.05],
		"mass":1,
		"spawnPointOffset":{},
		"gravity":[0.333333,0.333333,0.666667,0.666667,[0,0,0],[0,0,0]],
		"components":[
			{
				"__class":"SpawnRate",
				"duration":0.15,
				"durationJitter":0.05,
				"spawnRate":[0.333333,0.333333,0.666667,0.666667,500,500],
				"spawnRateJitter":[0.333333,0.333333,0.666667,0.666667,0.25,0.25]
			},
			{"__class":"Deceleration","deceleration":[0.33333334,0.33333334,0.6666667,0.6666667,[0,0,0],[0,0,0]]},
			{
				"__class":"SpawnPlanar",
				"spawnMinSize":[0.333333,0.333333,0.666667,0.666667,0,0],
				"spawnMaxSize":[0.333333,0.333333,0.666667,0.666667,0,0],
				"minAngle":[0.33333334,0.33333334,0.6666667,0.6666667,0,0],
				"maxAngle":[0.33333334,0.33333334,0.6666667,0.6666667,0,0],
				"minSpeedXY":[0.33333334,0.33333334,0.6666667,0.6666667,0,0],
				"maxSpeedXY":[0.33333334,0.33333334,0.6666667,0.6666667,0,0],
				"minSpeedZ":[0.33333334,0.33333334,0.6666667,0.6666667,0,0],
				"maxSpeedZ":[0.33333334,0.33333334,0.6666667,0.6666667,0,0]
			},
			{"__class":"Ground","bounciness":[0.33333334,0.33333334,0.6666667,0.6666667,0,0],"friction":[0.33333334,0.33333334,0.6666667,0.6666667,0,0]}
		]
	},
	"render":{
		"globalScale":0.013333334,
		"scale":[0.333333,0.333333,0.666667,0.666667,0.5,2],
		"scaleJitter":[0.33333334,0.33333334,0.6666667,0.6666667,0,0],
		"color":[0.333333,0.333333,0.666667,0.666667,[1,1,1],[1,1,1]],
		"alpha":[0.333333,0.333333,0.666667,0.666667,1,1],
		"angle":[0.333333,0.333333,0.666667,0.666667,0,0],
		"angleJitter":[0.333333,0.333333,0.666667,0.666667,0,0],
		"rotationSpeed":[0.333333,0.333333,0.666667,0.666667,0,0],
		"rotationSpeedJitter":[0.333333,0.333333,0.666667,0.666667,0,0],
		"tailLength":[0.333333,0.333333,0.666667,0.666667,0,0],
		"tailLengthJitter":[0.333333,0.333333,0.666667,0.666667,0,0],
		"alphaFadeout":0.033,
		"trailWidth":[0.33333334,0.33333334,0.6666667,0.6666667,1,1]
	}
}