{
	"emitterDataVersion":6,
	"emitter":{
		"maxParticleCount":12,
		"lifetime":[0.33333334,0.33333334,0.6666667,0.6666667,0.08,0.08],
		"lifetimeJitter":[0.33333334,0.33333334,0.6666667,0.6666667,0.5,0.5],
		"mass":1,
		"spawnPointOffset":{},
		"gravity":[0.33333334,0.33333334,0.6666667,0.6666667,[0,0,0],[0,0,0]],
		"followEmitter":true,
		"components":[
			{
				"__class":"SpawnRate",
				"infinite":true,
				"duration":1,
				"spawnRate":[0.7317709,0.036458343,0.8776042,0.5260417,18,1],
				"spawnRateJitter":[0.33333334,0.33333334,0.6666667,0.6666667,7,7]
			},
			{"__class":"Ground","bounciness":[0.33333334,0.33333334,0.6666667,0.6666667,0,0],"friction":[0.33333334,0.33333334,0.6666667,0.6666667,0,0]}
		]
	},
	"render":{
		"globalScale":0.0033333334,
		"scale":[0.33333334,0.33333334,0.6666667,0.6666667,0.8,0.8],
		"scaleJitter":[0.33333334,0.33333334,0.6666667,0.6666667,0.1,0.1],
		"color":[0.33333334,0.33333334,0.6666667,0.6666667,[1.01,1,1],[1,1,1]],
		"alpha":[0.33333334,0.33333334,0.6666667,0.6666667,1,0.6],
		"angle":[0.33333334,0.33333334,0.6666667,0.6666667,0,0],
		"angleJitter":[0.33333334,0.33333334,0.6666667,0.6666667,250,250],
		"rotationSpeed":[0.33333334,0.33333334,0.6666667,0.6666667,0,0],
		"rotationSpeedJitter":[0.33333334,0.33333334,0.6666667,0.6666667,0,0],
		"tailLength":[0.33333334,0.33333334,0.6666667,0.6666667,0,0],
		"tailLengthJitter":[0.33333334,0.33333334,0.6666667,0.6666667,0,0],
		"loopMovieClip":true,
		"alphaFadeout":0.1,
		"trailEnabled":true,
		"trailDuration":1,
		"trailWidth":[0.33333334,0.33333334,0.6666667,0.6666667,1,1],
		"blendMode":2
	},
	"movieclip":["sc/effects/bd_sparkle_08 | 49e9c85e-e7fc-4c72-8eef-5d221a1c90d3","sc/effects/bd_sparkle_09 | 49e9c85e-e660-487b-9cfc-e4752a516bc0","sc/effects/bd_sparkle_10 | 49e9c85e-668a-49b1-8cae-0a4cb419be77","sc/effects/bd_sparkle_007 | 49e9c85e-0585-4cf2-9349-9f8d2bc1cc31","sc/effects/wire_sparkle | 49e9c85e-636f-4d31-858c-e0e93977a422"]
}