{
	"Components":[
		{
			"Type":"color_filter",
			"Additive":{"r":0.039215688,"g":0.5882353,"b":0.7058824,"a":1},
			"Multiplicative":{"r":0.7058824,"g":0.7058824,"b":0.7058824,"a":1},
			"Loop":true
		}
	]
}